-- MySQL dump 10.13  Distrib 8.0.44, for Win64 (x86_64)
--
-- Host: localhost    Database: dahaeng
-- ------------------------------------------------------
-- Server version	8.0.44

/*!40101 SET @OLD_CHARACTER_SET_CLIENT=@@CHARACTER_SET_CLIENT */;
/*!40101 SET @OLD_CHARACTER_SET_RESULTS=@@CHARACTER_SET_RESULTS */;
/*!40101 SET @OLD_COLLATION_CONNECTION=@@COLLATION_CONNECTION */;
/*!50503 SET NAMES utf8 */;
/*!40103 SET @OLD_TIME_ZONE=@@TIME_ZONE */;
/*!40103 SET TIME_ZONE='+00:00' */;
/*!40014 SET @OLD_UNIQUE_CHECKS=@@UNIQUE_CHECKS, UNIQUE_CHECKS=0 */;
/*!40014 SET @OLD_FOREIGN_KEY_CHECKS=@@FOREIGN_KEY_CHECKS, FOREIGN_KEY_CHECKS=0 */;
/*!40101 SET @OLD_SQL_MODE=@@SQL_MODE, SQL_MODE='NO_AUTO_VALUE_ON_ZERO' */;
/*!40111 SET @OLD_SQL_NOTES=@@SQL_NOTES, SQL_NOTES=0 */;

--
-- Table structure for table `bookmark`
--

DROP TABLE IF EXISTS `bookmark`;
/*!40101 SET @saved_cs_client     = @@character_set_client */;
/*!50503 SET character_set_client = utf8mb4 */;
CREATE TABLE `bookmark` (
  `is_deleted` bit(1) DEFAULT NULL,
  `city_id` bigint NOT NULL,
  `created_at` datetime(6) DEFAULT NULL,
  `id` bigint NOT NULL AUTO_INCREMENT,
  `member_id` bigint NOT NULL,
  `updated_at` datetime(6) DEFAULT NULL,
  `json` text,
  PRIMARY KEY (`id`),
  KEY `FKne2a5hh2hcvrhtx8vyqybg3tx` (`city_id`),
  KEY `FK5bm7rup91j277mc7gg63akie2` (`member_id`),
  CONSTRAINT `FK5bm7rup91j277mc7gg63akie2` FOREIGN KEY (`member_id`) REFERENCES `member` (`id`),
  CONSTRAINT `FKne2a5hh2hcvrhtx8vyqybg3tx` FOREIGN KEY (`city_id`) REFERENCES `city` (`id`)
) ENGINE=InnoDB DEFAULT CHARSET=utf8mb4 COLLATE=utf8mb4_0900_ai_ci;
/*!40101 SET character_set_client = @saved_cs_client */;

--
-- Dumping data for table `bookmark`
--

LOCK TABLES `bookmark` WRITE;
/*!40000 ALTER TABLE `bookmark` DISABLE KEYS */;
/*!40000 ALTER TABLE `bookmark` ENABLE KEYS */;
UNLOCK TABLES;

--
-- Table structure for table `category`
--

DROP TABLE IF EXISTS `category`;
/*!40101 SET @saved_cs_client     = @@character_set_client */;
/*!50503 SET character_set_client = utf8mb4 */;
CREATE TABLE `category` (
  `is_deleted` bit(1) DEFAULT NULL,
  `created_at` datetime(6) DEFAULT NULL,
  `id` bigint NOT NULL AUTO_INCREMENT,
  `updated_at` datetime(6) DEFAULT NULL,
  `name` varchar(10) NOT NULL,
  PRIMARY KEY (`id`)
) ENGINE=InnoDB DEFAULT CHARSET=utf8mb4 COLLATE=utf8mb4_0900_ai_ci;
/*!40101 SET character_set_client = @saved_cs_client */;

--
-- Dumping data for table `category`
--

LOCK TABLES `category` WRITE;
/*!40000 ALTER TABLE `category` DISABLE KEYS */;
/*!40000 ALTER TABLE `category` ENABLE KEYS */;
UNLOCK TABLES;

--
-- Table structure for table `city`
--

DROP TABLE IF EXISTS `city`;
/*!40101 SET @saved_cs_client     = @@character_set_client */;
/*!50503 SET character_set_client = utf8mb4 */;
CREATE TABLE `city` (
  `is_deleted` bit(1) DEFAULT NULL,
  `lat` double DEFAULT NULL,
  `lon` double DEFAULT NULL,
  `news_penalty_score` double DEFAULT NULL,
  `country_id` bigint NOT NULL,
  `created_at` datetime(6) DEFAULT NULL,
  `id` bigint NOT NULL AUTO_INCREMENT,
  `updated_at` datetime(6) DEFAULT NULL,
  `city_name` varchar(50) DEFAULT NULL,
  `description` text,
  `img_url` text,
  PRIMARY KEY (`id`),
  KEY `FKrpd7j1p7yxr784adkx4pyepba` (`country_id`),
  CONSTRAINT `FKrpd7j1p7yxr784adkx4pyepba` FOREIGN KEY (`country_id`) REFERENCES `country` (`id`)
) ENGINE=InnoDB DEFAULT CHARSET=utf8mb4 COLLATE=utf8mb4_0900_ai_ci;
/*!40101 SET character_set_client = @saved_cs_client */;

--
-- Dumping data for table `city`
--

LOCK TABLES `city` WRITE;
/*!40000 ALTER TABLE `city` DISABLE KEYS */;
/*!40000 ALTER TABLE `city` ENABLE KEYS */;
UNLOCK TABLES;

--
-- Table structure for table `city_climate_tag`
--

DROP TABLE IF EXISTS `city_climate_tag`;
/*!40101 SET @saved_cs_client     = @@character_set_client */;
/*!50503 SET character_set_client = utf8mb4 */;
CREATE TABLE `city_climate_tag` (
  `is_deleted` bit(1) DEFAULT NULL,
  `city_id` bigint NOT NULL,
  `created_at` datetime(6) DEFAULT NULL,
  `id` bigint NOT NULL AUTO_INCREMENT,
  `month` bigint NOT NULL,
  `tag_id` bigint NOT NULL,
  `updated_at` datetime(6) DEFAULT NULL,
  PRIMARY KEY (`id`),
  KEY `FKre0ncobp35c8g6kf8i1dwrxya` (`city_id`),
  KEY `FKp4s9itmv6vtimot6q8y13w0sh` (`tag_id`),
  CONSTRAINT `FKp4s9itmv6vtimot6q8y13w0sh` FOREIGN KEY (`tag_id`) REFERENCES `tag` (`id`),
  CONSTRAINT `FKre0ncobp35c8g6kf8i1dwrxya` FOREIGN KEY (`city_id`) REFERENCES `city` (`id`)
) ENGINE=InnoDB DEFAULT CHARSET=utf8mb4 COLLATE=utf8mb4_0900_ai_ci;
/*!40101 SET character_set_client = @saved_cs_client */;

--
-- Dumping data for table `city_climate_tag`
--

LOCK TABLES `city_climate_tag` WRITE;
/*!40000 ALTER TABLE `city_climate_tag` DISABLE KEYS */;
/*!40000 ALTER TABLE `city_climate_tag` ENABLE KEYS */;
UNLOCK TABLES;

--
-- Table structure for table `city_summary`
--

DROP TABLE IF EXISTS `city_summary`;
/*!40101 SET @saved_cs_client     = @@character_set_client */;
/*!50503 SET character_set_client = utf8mb4 */;
CREATE TABLE `city_summary` (
  `id` bigint NOT NULL AUTO_INCREMENT,
  `avg_daily_accommodation` int NOT NULL,
  `avg_daily_living_cost` int NOT NULL,
  `avg_flight_price` int NOT NULL,
  `city_name` varchar(255) DEFAULT NULL,
  `country` varchar(255) DEFAULT NULL,
  `danger_level` int NOT NULL,
  `news_penalty_score` double NOT NULL,
  PRIMARY KEY (`id`)
) ENGINE=InnoDB AUTO_INCREMENT=162 DEFAULT CHARSET=utf8mb4 COLLATE=utf8mb4_0900_ai_ci;
/*!40101 SET character_set_client = @saved_cs_client */;

--
-- Dumping data for table `city_summary`
--

LOCK TABLES `city_summary` WRITE;
/*!40000 ALTER TABLE `city_summary` DISABLE KEYS */;
INSERT INTO `city_summary` VALUES (4,250000,150000,1600000,'NewYork','미국',1,30),(5,200000,120000,1400000,'LasVegas','미국',1,100),(6,180000,100000,1300000,'LosAngeles','미국',1,52.9),(7,220000,130000,1500000,'SanFrancisco','미국',1,72.7),(8,200000,120000,1400000,'Miami','미국',1,21.1),(9,180000,100000,1500000,'Chicago','미국',1,50),(10,200000,110000,1600000,'Washington','미국',1,13.8),(11,250000,150000,1200000,'Hawaii','미국',1,50),(12,200000,100000,600000,'Guam','미국',1,70),(13,180000,80000,500000,'Saipan','미국',1,70),(14,180000,100000,1400000,'Seattle','미국',1,0),(15,60000,40000,350000,'DaNang','베트남',1,70),(16,70000,45000,380000,'NhaTrang','베트남',1,70),(17,80000,50000,420000,'PhuQuoc','베트남',1,100),(18,50000,35000,320000,'Hanoi','베트남',1,70),(19,55000,40000,340000,'HoChiMinh','베트남',1,100),(20,60000,40000,350000,'HaLong','베트남',1,70),(21,120000,80000,350000,'Tokyo','일본',3,16.7),(22,100000,70000,300000,'Osaka','일본',3,70),(23,130000,75000,320000,'Kyoto','일본',3,70),(24,90000,60000,250000,'Fukuoka','일본',3,70),(25,110000,85000,400000,'Sapporo','일본',3,70),(26,150000,90000,350000,'Okinawa','일본',3,70),(27,100000,60000,300000,'Shanghai','중국',1,100),(28,90000,50000,280000,'Beijing','중국',1,64.7),(29,60000,40000,200000,'Qingdao','중국',1,70),(30,80000,50000,320000,'Guangzhou','중국',1,70),(31,90000,60000,330000,'Shenzhen','중국',1,70),(32,70000,40000,350000,'Harbin','중국',1,70),(33,80000,45000,400000,'Zhangjiajie','중국',1,70),(34,150000,100000,350000,'HongKong','홍콩',1,40),(35,180000,90000,320000,'Macau','마카오',0,100),(36,60000,40000,400000,'Bangkok','태국',3,0),(37,100000,60000,550000,'Phuket','태국',3,70),(38,50000,30000,450000,'ChiangMai','태국',3,70),(39,60000,40000,420000,'Pattaya','태국',3,70),(40,80000,45000,500000,'Krabi','태국',3,70),(41,70000,40000,300000,'Manila','필리핀',4,33.3),(42,90000,50000,350000,'Cebu','필리핀',4,70),(43,110000,60000,400000,'Boracay','필리핀',4,70),(44,80000,40000,450000,'PuertoPrincesa','필리핀',4,70),(45,70000,35000,420000,'Davao','필리핀',4,70),(46,60000,30000,380000,'Iloilo','필리핀',4,70),(47,65000,35000,360000,'Baguio','필리핀',4,0),(48,100000,55000,450000,'Bohol','필리핀',4,70),(49,200000,120000,1400000,'Paris','프랑스',1,57.1),(50,220000,150000,1500000,'Nice','프랑스',1,70),(51,150000,100000,1300000,'Lyon','프랑스',1,70),(52,160000,110000,1350000,'Marseille','프랑스',1,70),(53,170000,110000,1400000,'Bordeaux','프랑스',1,70),(54,100000,70000,1200000,'Moscow','러시아',4,0),(55,120000,80000,1300000,'SaintPetersburg','러시아',4,100),(56,80000,50000,500000,'Vladivostok','러시아',4,70),(57,180000,100000,1200000,'Sydney','호주',0,0),(58,160000,90000,1100000,'Melbourne','호주',0,45.8),(59,150000,85000,1150000,'Brisbane','호주',0,100),(60,170000,95000,1250000,'GoldCoast','호주',0,70),(61,140000,80000,1300000,'Perth','호주',0,50),(62,80000,50000,350000,'Taipei','대만',0,0),(63,70000,45000,320000,'Kaohsiung','대만',0,70),(64,75000,45000,340000,'Taichung','대만',0,0),(65,250000,150000,1500000,'London','영국',1,69.6),(66,200000,120000,1600000,'Edinburgh','영국',1,70),(67,180000,100000,1450000,'Manchester','영국',1,90.9),(68,160000,90000,1400000,'Liverpool','영국',1,70),(69,150000,100000,1300000,'Berlin','독일',0,40),(70,180000,120000,1400000,'Munich','독일',0,50),(71,160000,110000,1250000,'Frankfurt','독일',0,70),(72,170000,105000,1350000,'Hamburg','독일',0,70),(73,150000,95000,1300000,'Cologne','독일',0,70),(74,200000,100000,500000,'Singapore','싱가포르',0,33.3),(75,180000,100000,1300000,'Rome','이탈리아',1,87.5),(76,200000,120000,1400000,'Venice','이탈리아',1,70),(77,190000,110000,1250000,'Milan','이탈리아',1,90.9),(78,170000,105000,1350000,'Florence','이탈리아',1,70),(79,150000,90000,1200000,'Naples','이탈리아',1,70),(80,220000,130000,1350000,'Amsterdam','네덜란드',0,70),(81,180000,100000,1300000,'Rotterdam','네덜란드',0,70),(82,170000,95000,1300000,'TheHague','네덜란드',0,70),(83,250000,180000,1500000,'Zurich','스위스',1,80),(84,280000,200000,1600000,'Interlaken','스위스',1,70),(85,260000,190000,1550000,'Lucerne','스위스',1,70),(86,240000,180000,1450000,'Geneva','스위스',1,25),(87,80000,40000,350000,'KualaLumpur','말레이시아',3,50),(88,100000,50000,400000,'KotaKinabalu','말레이시아',3,0),(89,120000,60000,450000,'Langkawi','말레이시아',3,70),(90,70000,40000,380000,'JohorBahru','말레이시아',3,70),(91,60000,35000,360000,'Malacca','말레이시아',3,0),(92,65000,35000,370000,'Ipoh','말레이시아',3,70),(93,180000,100000,1300000,'Vancouver','캐나다',0,42.9),(94,190000,110000,1400000,'Toronto','캐나다',0,85.7),(95,170000,95000,1450000,'Montreal','캐나다',0,50),(96,180000,100000,1500000,'QuebecCity','캐나다',0,70),(97,60000,35000,450000,'SiemReap','캄보디아',4,70),(98,70000,40000,400000,'PhnomPenh','캄보디아',4,70),(99,80000,45000,480000,'Sihanoukville','캄보디아',4,70),(100,80000,40000,600000,'Ulaanbaatar','몽골',1,70),(101,70000,35000,650000,'불간','몽골',1,70),(102,160000,90000,1400000,'Auckland','뉴질랜드',0,70),(103,200000,110000,1600000,'Queenstown','뉴질랜드',0,70),(104,150000,85000,1500000,'Christchurch','뉴질랜드',0,70),(105,70000,30000,600000,'Delhi','인도',3,50),(106,90000,40000,650000,'Mumbai','인도',3,57.1),(107,60000,25000,700000,'Agra','인도',3,70),(108,65000,30000,680000,'Jaipur','인도',3,100),(109,100000,45000,750000,'Goa','인도',3,70),(110,180000,100000,1300000,'Barcelona','스페인',1,0),(111,160000,90000,1250000,'Madrid','스페인',1,100),(112,150000,85000,1350000,'Seville','스페인',1,70),(113,140000,80000,1400000,'Granada','스페인',1,70),(114,120000,70000,1800000,'RioDeJaneiro','브라질',2,70),(115,110000,65000,1750000,'SaoPaulo','브라질',2,0),(116,100000,60000,1900000,'FozDoIguacu','브라질',2,70),(117,250000,120000,1500000,'Cancun','멕시코',3,70),(118,100000,60000,1400000,'MexicoCity','멕시코',3,70),(119,200000,100000,1550000,'PlayaDelCarmen','멕시코',3,70),(120,100000,60000,1200000,'Budapest','헝가리',0,70),(121,80000,50000,1250000,'Debrecen','헝가리',0,70),(122,180000,110000,1400000,'Helsinki','핀란드',0,70),(123,250000,130000,1600000,'Rovaniemi','핀란드',0,70),(124,120000,60000,1100000,'Istanbul','튀르키예',3,0),(125,150000,70000,1200000,'Antalya','튀르키예',3,70),(126,140000,80000,1600000,'CapeTown','남아프리카공화국',2,0),(127,120000,70000,1500000,'Johannesburg','남아프리카공화국',2,70),(128,130000,75000,1550000,'Durban','남아프리카공화국',2,70),(129,120000,50000,600000,'Bali','인도네시아',2,70),(130,80000,40000,500000,'Jakarta','인도네시아',2,0),(131,70000,35000,550000,'족자카르타','인도네시아',2,70),(132,90000,45000,450000,'Batam','인도네시아',2,70),(133,50000,30000,400000,'Vientiane','라오스',4,0),(134,60000,35000,450000,'LuangPrabang','라오스',4,70),(135,120000,70000,1250000,'Prague','체코',0,100),(136,160000,100000,1300000,'Vienna','오스트리아',1,70),(137,130000,80000,1350000,'Zagreb','크로아티아',0,70),(138,250000,150000,900000,'Dubai','아랍에미리트',0,18.2),(139,400000,150000,1100000,'Male','몰디브',1,70),(140,140000,80000,1350000,'Lisbon','포르투갈',0,70),(141,130000,75000,1300000,'Porto','포르투갈',0,70),(142,200000,120000,1000000,'Doha','카타르',0,0),(143,100000,60000,1150000,'Warsaw','폴란드',2,70),(144,150000,90000,1400000,'Athens','그리스',1,70),(145,180000,120000,1450000,'Stockholm','스웨덴',0,70),(146,200000,130000,1500000,'Oslo','노르웨이',0,0),(147,100000,50000,1900000,'Lima','페루',3,0),(148,80000,40000,1300000,'Cairo','이집트',3,75),(149,300000,100000,1500000,'PortLouis','모리셔스',0,70),(150,250000,150000,1600000,'Reykjavik','아이슬란드',1,70),(151,200000,130000,1450000,'Copenhagen','덴마크',1,100),(152,160000,100000,1350000,'Brussels','벨기에',1,0),(153,60000,30000,2000000,'LaPaz','볼리비아',2,70),(154,80000,40000,2100000,'Uyuni','볼리비아',2,70),(155,100000,60000,2000000,'BuenosAires','아르헨티나',2,70),(156,110000,65000,1950000,'Santiago','칠레',2,0),(157,50000,30000,800000,'Kathmandu','네팔',1,100),(158,200000,80000,700000,'Koror','팔라우',0,70),(159,80000,40000,750000,'Almaty','카자흐스탄',0,70),(160,100000,50000,1400000,'Casablanca','모로코',3,70),(161,120000,60000,1450000,'Marrakech','모로코',3,70);
/*!40000 ALTER TABLE `city_summary` ENABLE KEYS */;
UNLOCK TABLES;

--
-- Table structure for table `city_tag`
--

DROP TABLE IF EXISTS `city_tag`;
/*!40101 SET @saved_cs_client     = @@character_set_client */;
/*!50503 SET character_set_client = utf8mb4 */;
CREATE TABLE `city_tag` (
  `is_deleted` bit(1) DEFAULT NULL,
  `tag_score` double DEFAULT NULL,
  `city_id` bigint NOT NULL,
  `created_at` datetime(6) DEFAULT NULL,
  `id` bigint NOT NULL AUTO_INCREMENT,
  `tag_id` bigint NOT NULL,
  `updated_at` datetime(6) DEFAULT NULL,
  PRIMARY KEY (`id`),
  KEY `FKb4y91h6i2qx3i40su2lrncf0p` (`city_id`),
  KEY `FKbq0h6344yr2jbera7hhpqj6wi` (`tag_id`),
  CONSTRAINT `FKb4y91h6i2qx3i40su2lrncf0p` FOREIGN KEY (`city_id`) REFERENCES `city` (`id`),
  CONSTRAINT `FKbq0h6344yr2jbera7hhpqj6wi` FOREIGN KEY (`tag_id`) REFERENCES `tag` (`id`)
) ENGINE=InnoDB DEFAULT CHARSET=utf8mb4 COLLATE=utf8mb4_0900_ai_ci;
/*!40101 SET character_set_client = @saved_cs_client */;

--
-- Dumping data for table `city_tag`
--

LOCK TABLES `city_tag` WRITE;
/*!40000 ALTER TABLE `city_tag` DISABLE KEYS */;
/*!40000 ALTER TABLE `city_tag` ENABLE KEYS */;
UNLOCK TABLES;

--
-- Table structure for table `city_tag_scores`
--

DROP TABLE IF EXISTS `city_tag_scores`;
/*!40101 SET @saved_cs_client     = @@character_set_client */;
/*!50503 SET character_set_client = utf8mb4 */;
CREATE TABLE `city_tag_scores` (
  `city_id` bigint NOT NULL,
  `score` double DEFAULT NULL,
  `tag_name` varchar(255) NOT NULL,
  PRIMARY KEY (`city_id`,`tag_name`),
  CONSTRAINT `FK5kgv03fsnia6p90fk47ejns46` FOREIGN KEY (`city_id`) REFERENCES `city_summary` (`id`)
) ENGINE=InnoDB DEFAULT CHARSET=utf8mb4 COLLATE=utf8mb4_0900_ai_ci;
/*!40101 SET character_set_client = @saved_cs_client */;

--
-- Dumping data for table `city_tag_scores`
--

LOCK TABLES `city_tag_scores` WRITE;
/*!40000 ALTER TABLE `city_tag_scores` DISABLE KEYS */;
INSERT INTO `city_tag_scores` VALUES (4,10.6,'가족과'),(4,9.75,'나홀로'),(4,0.07,'눈부신설원'),(4,3.94,'도시의밤'),(4,7.34,'럭셔리한'),(4,6.62,'로컬감성'),(4,19.17,'미식탐방'),(4,2.52,'배움이있는'),(4,7.24,'사진에진심'),(4,6.85,'쇼핑중독'),(4,3.42,'액티비티'),(4,13.68,'여유로운'),(4,7.62,'역사속으로'),(4,5.1,'연인과'),(4,4.21,'예술과전시'),(4,6.44,'이국적인'),(4,7.89,'전통적인'),(4,13.49,'조용한'),(4,4.01,'초록대자연'),(4,4.02,'친구와'),(4,0.69,'푸른바다'),(4,1.28,'활기찬'),(4,10.28,'힙한'),(5,11.58,'가족과'),(5,8.18,'나홀로'),(5,0.1,'눈부신설원'),(5,6.03,'도시의밤'),(5,9.25,'럭셔리한'),(5,2.92,'로컬감성'),(5,15.27,'미식탐방'),(5,1.05,'배움이있는'),(5,10.21,'사진에진심'),(5,8.63,'쇼핑중독'),(5,4.24,'액티비티'),(5,13.96,'여유로운'),(5,10.63,'역사속으로'),(5,6.68,'연인과'),(5,2.47,'예술과전시'),(5,8.44,'이국적인'),(5,10.48,'전통적인'),(5,10.29,'조용한'),(5,3.77,'초록대자연'),(5,6.19,'친구와'),(5,1,'푸른바다'),(5,1.99,'활기찬'),(5,13.31,'힙한'),(6,10.26,'가족과'),(6,9.32,'나홀로'),(6,0.05,'눈부신설원'),(6,2.35,'도시의밤'),(6,8.07,'럭셔리한'),(6,4.47,'로컬감성'),(6,16.49,'미식탐방'),(6,2.48,'배움이있는'),(6,8.74,'사진에진심'),(6,9.28,'쇼핑중독'),(6,4.33,'액티비티'),(6,13.07,'여유로운'),(6,9.16,'역사속으로'),(6,6.88,'연인과'),(6,3.58,'예술과전시'),(6,7.33,'이국적인'),(6,9.08,'전통적인'),(6,14.88,'조용한'),(6,3.86,'초록대자연'),(6,2.38,'친구와'),(6,0.76,'푸른바다'),(6,1.48,'활기찬'),(6,9.12,'힙한'),(7,11.68,'가족과'),(7,11.82,'나홀로'),(7,0.04,'눈부신설원'),(7,3.71,'도시의밤'),(7,7.83,'럭셔리한'),(7,4.4,'로컬감성'),(7,18.76,'미식탐방'),(7,3.59,'배움이있는'),(7,8.42,'사진에진심'),(7,5.43,'쇼핑중독'),(7,4.26,'액티비티'),(7,16.44,'여유로운'),(7,9.01,'역사속으로'),(7,7.67,'연인과'),(7,4.9,'예술과전시'),(7,7.36,'이국적인'),(7,9.05,'전통적인'),(7,13.38,'조용한'),(7,6.59,'초록대자연'),(7,3.77,'친구와'),(7,1.71,'푸른바다'),(7,1.39,'활기찬'),(7,10.03,'힙한'),(8,8.87,'가족과'),(8,6.07,'나홀로'),(8,0.01,'눈부신설원'),(8,2.25,'도시의밤'),(8,11.62,'럭셔리한'),(8,4.55,'로컬감성'),(8,15.51,'미식탐방'),(8,2.07,'배움이있는'),(8,11.73,'사진에진심'),(8,9.38,'쇼핑중독'),(8,4.49,'액티비티'),(8,13.23,'여유로운'),(8,11.94,'역사속으로'),(8,7.81,'연인과'),(8,2.89,'예술과전시'),(8,9.49,'이국적인'),(8,11.83,'전통적인'),(8,11.03,'조용한'),(8,3.85,'초록대자연'),(8,2.26,'친구와'),(8,2.16,'푸른바다'),(8,1.1,'활기찬'),(8,7.69,'힙한'),(9,12.47,'가족과'),(9,10.12,'나홀로'),(9,0.16,'눈부신설원'),(9,5.16,'도시의밤'),(9,5.24,'럭셔리한'),(9,3.87,'로컬감성'),(9,13.94,'미식탐방'),(9,3.85,'배움이있는'),(9,8.25,'사진에진심'),(9,6.37,'쇼핑중독'),(9,4.5,'액티비티'),(9,16.3,'여유로운'),(9,8.73,'역사속으로'),(9,4.94,'연인과'),(9,3.37,'예술과전시'),(9,6.98,'이국적인'),(9,8.63,'전통적인'),(9,19.1,'조용한'),(9,6.87,'초록대자연'),(9,5.28,'친구와'),(9,0.94,'푸른바다'),(9,1.22,'활기찬'),(9,11.59,'힙한'),(10,11.99,'가족과'),(10,8.7,'나홀로'),(10,0.1,'눈부신설원'),(10,2.33,'도시의밤'),(10,5.99,'럭셔리한'),(10,3.72,'로컬감성'),(10,13.45,'미식탐방'),(10,3.87,'배움이있는'),(10,15.23,'사진에진심'),(10,6.24,'쇼핑중독'),(10,4.94,'액티비티'),(10,14.97,'여유로운'),(10,15.82,'역사속으로'),(10,4.79,'연인과'),(10,2.48,'예술과전시'),(10,12.65,'이국적인'),(10,15.69,'전통적인'),(10,19.4,'조용한'),(10,6.54,'초록대자연'),(10,2.37,'친구와'),(10,0.77,'푸른바다'),(10,0.8,'활기찬'),(10,8.08,'힙한'),(11,9.26,'가족과'),(11,7.85,'나홀로'),(11,0.02,'눈부신설원'),(11,2.4,'도시의밤'),(11,8.4,'럭셔리한'),(11,3.57,'로컬감성'),(11,18.85,'미식탐방'),(11,2.51,'배움이있는'),(11,10.24,'사진에진심'),(11,9.22,'쇼핑중독'),(11,3.58,'액티비티'),(11,13.45,'여유로운'),(11,10.62,'역사속으로'),(11,6.81,'연인과'),(11,1.95,'예술과전시'),(11,9.35,'이국적인'),(11,11.39,'전통적인'),(11,13.78,'조용한'),(11,5.64,'초록대자연'),(11,2.41,'친구와'),(11,4.01,'푸른바다'),(11,0.98,'활기찬'),(11,8.9,'힙한'),(12,6.22,'가족과'),(12,8.55,'나홀로'),(12,0,'눈부신설원'),(12,6.95,'도시의밤'),(12,9.63,'럭셔리한'),(12,3.64,'로컬감성'),(12,26.88,'미식탐방'),(12,1.47,'배움이있는'),(12,9.01,'사진에진심'),(12,11.45,'쇼핑중독'),(12,3.26,'액티비티'),(12,11.34,'여유로운'),(12,9.25,'역사속으로'),(12,6.82,'연인과'),(12,1.47,'예술과전시'),(12,7.45,'이국적인'),(12,9.25,'전통적인'),(12,5.67,'조용한'),(12,2.19,'초록대자연'),(12,7.04,'친구와'),(12,4.18,'푸른바다'),(12,0.98,'활기찬'),(12,10.22,'힙한'),(13,3.7,'가족과'),(13,8.47,'나홀로'),(13,0,'눈부신설원'),(13,6.35,'도시의밤'),(13,22.51,'럭셔리한'),(13,1.86,'로컬감성'),(13,24.92,'미식탐방'),(13,3.73,'배움이있는'),(13,8.41,'사진에진심'),(13,6.52,'쇼핑중독'),(13,0.75,'액티비티'),(13,10.91,'여유로운'),(13,9.34,'역사속으로'),(13,20.45,'연인과'),(13,0.93,'예술과전시'),(13,6.73,'이국적인'),(13,8.41,'전통적인'),(13,6.66,'조용한'),(13,2.83,'초록대자연'),(13,6.54,'친구와'),(13,7.31,'푸른바다'),(13,0,'활기찬'),(13,5.89,'힙한'),(14,13.59,'가족과'),(14,12.03,'나홀로'),(14,0.06,'눈부신설원'),(14,3.37,'도시의밤'),(14,5.24,'럭셔리한'),(14,3.05,'로컬감성'),(14,13.82,'미식탐방'),(14,2.48,'배움이있는'),(14,16.5,'사진에진심'),(14,4.55,'쇼핑중독'),(14,4.53,'액티비티'),(14,19.72,'여유로운'),(14,16.87,'역사속으로'),(14,4.99,'연인과'),(14,3.04,'예술과전시'),(14,13.77,'이국적인'),(14,17.07,'전통적인'),(14,15.68,'조용한'),(14,8.94,'초록대자연'),(14,3.48,'친구와'),(14,1.61,'푸른바다'),(14,0.97,'활기찬'),(14,11.37,'힙한'),(15,0.74,'가족과'),(15,25.96,'나홀로'),(15,0,'눈부신설원'),(15,2.2,'도시의밤'),(15,16.75,'럭셔리한'),(15,2.76,'로컬감성'),(15,31.73,'미식탐방'),(15,0.34,'배움이있는'),(15,1.3,'사진에진심'),(15,9.69,'쇼핑중독'),(15,1.57,'액티비티'),(15,26.87,'여유로운'),(15,1.37,'역사속으로'),(15,15.78,'연인과'),(15,0.37,'예술과전시'),(15,2.03,'이국적인'),(15,2.29,'전통적인'),(15,0.53,'조용한'),(15,0.23,'초록대자연'),(15,2.25,'친구와'),(15,0.69,'푸른바다'),(15,0.19,'활기찬'),(15,18.51,'힙한'),(16,0.75,'가족과'),(16,23.16,'나홀로'),(16,0,'눈부신설원'),(16,1.78,'도시의밤'),(16,20.04,'럭셔리한'),(16,2.73,'로컬감성'),(16,31.33,'미식탐방'),(16,0.21,'배움이있는'),(16,1.15,'사진에진심'),(16,9.59,'쇼핑중독'),(16,1.56,'액티비티'),(16,24.01,'여유로운'),(16,1.17,'역사속으로'),(16,18.04,'연인과'),(16,0.25,'예술과전시'),(16,2.92,'이국적인'),(16,3.15,'전통적인'),(16,0.88,'조용한'),(16,0.35,'초록대자연'),(16,1.83,'친구와'),(16,0.82,'푸른바다'),(16,0.21,'활기찬'),(16,16.62,'힙한'),(17,1.35,'가족과'),(17,12.11,'나홀로'),(17,0,'눈부신설원'),(17,3.06,'도시의밤'),(17,40,'럭셔리한'),(17,1.27,'로컬감성'),(17,25.65,'미식탐방'),(17,0.08,'배움이있는'),(17,0.31,'사진에진심'),(17,4.52,'쇼핑중독'),(17,0.98,'액티비티'),(17,15.56,'여유로운'),(17,0.39,'역사속으로'),(17,31.8,'연인과'),(17,0.23,'예술과전시'),(17,1.01,'이국적인'),(17,1.07,'전통적인'),(17,0.39,'조용한'),(17,0.23,'초록대자연'),(17,3.08,'친구와'),(17,4.8,'푸른바다'),(17,0.23,'활기찬'),(17,11.29,'힙한'),(18,0.65,'가족과'),(18,23.54,'나홀로'),(18,0,'눈부신설원'),(18,1.65,'도시의밤'),(18,7.97,'럭셔리한'),(18,3.3,'로컬감성'),(18,32.52,'미식탐방'),(18,0.73,'배움이있는'),(18,3.05,'사진에진심'),(18,17.07,'쇼핑중독'),(18,1.96,'액티비티'),(18,22.93,'여유로운'),(18,3.12,'역사속으로'),(18,7.99,'연인과'),(18,0.58,'예술과전시'),(18,3.66,'이국적인'),(18,4.27,'전통적인'),(18,0.95,'조용한'),(18,0.25,'초록대자연'),(18,1.69,'친구와'),(18,0.09,'푸른바다'),(18,0.16,'활기찬'),(18,18.03,'힙한'),(19,0.73,'가족과'),(19,26.09,'나홀로'),(19,0,'눈부신설원'),(19,1.44,'도시의밤'),(19,7.74,'럭셔리한'),(19,3.99,'로컬감성'),(19,32.81,'미식탐방'),(19,0.55,'배움이있는'),(19,2.07,'사진에진심'),(19,14.13,'쇼핑중독'),(19,1.96,'액티비티'),(19,27.11,'여유로운'),(19,2.12,'역사속으로'),(19,7.82,'연인과'),(19,0.37,'예술과전시'),(19,2.75,'이국적인'),(19,3.16,'전통적인'),(19,0.86,'조용한'),(19,0.35,'초록대자연'),(19,1.47,'친구와'),(19,0.05,'푸른바다'),(19,0.15,'활기찬'),(19,20.27,'힙한'),(20,0.59,'가족과'),(20,16.69,'나홀로'),(20,0,'눈부신설원'),(20,2.08,'도시의밤'),(20,26.66,'럭셔리한'),(20,1.66,'로컬감성'),(20,32.5,'미식탐방'),(20,0.19,'배움이있는'),(20,0.81,'사진에진심'),(20,9.7,'쇼핑중독'),(20,1.84,'액티비티'),(20,17.23,'여유로운'),(20,0.81,'역사속으로'),(20,24.06,'연인과'),(20,0.04,'예술과전시'),(20,1.38,'이국적인'),(20,1.54,'전통적인'),(20,0.65,'조용한'),(20,0.16,'초록대자연'),(20,2.13,'친구와'),(20,0.79,'푸른바다'),(20,0.27,'활기찬'),(20,11.71,'힙한'),(21,3.83,'가족과'),(21,9.9,'나홀로'),(21,0.01,'눈부신설원'),(21,15.24,'도시의밤'),(21,2.52,'럭셔리한'),(21,2.22,'로컬감성'),(21,48.2,'미식탐방'),(21,0.65,'배움이있는'),(21,2,'사진에진심'),(21,6.75,'쇼핑중독'),(21,1.18,'액티비티'),(21,11.36,'여유로운'),(21,2.23,'역사속으로'),(21,2.66,'연인과'),(21,1.37,'예술과전시'),(21,3.43,'이국적인'),(21,3.83,'전통적인'),(21,3.16,'조용한'),(21,2.89,'초록대자연'),(21,15.31,'친구와'),(21,0.06,'푸른바다'),(21,0.56,'활기찬'),(21,19.57,'힙한'),(22,3.33,'가족과'),(22,11.29,'나홀로'),(22,0,'눈부신설원'),(22,15.38,'도시의밤'),(22,2.64,'럭셔리한'),(22,2.41,'로컬감성'),(22,47.28,'미식탐방'),(22,0.69,'배움이있는'),(22,2.03,'사진에진심'),(22,7.24,'쇼핑중독'),(22,1.17,'액티비티'),(22,11.98,'여유로운'),(22,2.26,'역사속으로'),(22,2.85,'연인과'),(22,0.85,'예술과전시'),(22,3.68,'이국적인'),(22,4.09,'전통적인'),(22,3.15,'조용한'),(22,2.49,'초록대자연'),(22,15.43,'친구와'),(22,0.06,'푸른바다'),(22,0.49,'활기찬'),(22,20.54,'힙한'),(23,2.26,'가족과'),(23,12.22,'나홀로'),(23,0.01,'눈부신설원'),(23,10.87,'도시의밤'),(23,7.3,'럭셔리한'),(23,2.39,'로컬감성'),(23,43.05,'미식탐방'),(23,1.07,'배움이있는'),(23,3.57,'사진에진심'),(23,7.34,'쇼핑중독'),(23,0.83,'액티비티'),(23,11.33,'여유로운'),(23,4.06,'역사속으로'),(23,7.05,'연인과'),(23,1.67,'예술과전시'),(23,7.42,'이국적인'),(23,8.13,'전통적인'),(23,2.77,'조용한'),(23,1.54,'초록대자연'),(23,10.92,'친구와'),(23,0.13,'푸른바다'),(23,0.39,'활기찬'),(23,16.81,'힙한'),(24,3.83,'가족과'),(24,9.02,'나홀로'),(24,0.01,'눈부신설원'),(24,16.51,'도시의밤'),(24,3.75,'럭셔리한'),(24,2.33,'로컬감성'),(24,46.37,'미식탐방'),(24,0.61,'배움이있는'),(24,1.94,'사진에진심'),(24,8.33,'쇼핑중독'),(24,1.09,'액티비티'),(24,10.02,'여유로운'),(24,2.07,'역사속으로'),(24,3.93,'연인과'),(24,0.64,'예술과전시'),(24,3.75,'이국적인'),(24,4.14,'전통적인'),(24,3.23,'조용한'),(24,2.85,'초록대자연'),(24,16.6,'친구와'),(24,0.15,'푸른바다'),(24,0.5,'활기찬'),(24,19.42,'힙한'),(25,4.87,'가족과'),(25,11.25,'나홀로'),(25,0.08,'눈부신설원'),(25,17.42,'도시의밤'),(25,3.45,'럭셔리한'),(25,2.42,'로컬감성'),(25,44.64,'미식탐방'),(25,0.79,'배움이있는'),(25,1.31,'사진에진심'),(25,6.8,'쇼핑중독'),(25,0.93,'액티비티'),(25,13.56,'여유로운'),(25,1.6,'역사속으로'),(25,3.92,'연인과'),(25,0.75,'예술과전시'),(25,2.56,'이국적인'),(25,2.82,'전통적인'),(25,4.11,'조용한'),(25,4.01,'초록대자연'),(25,17.51,'친구와'),(25,0.13,'푸른바다'),(25,0.65,'활기찬'),(25,21.81,'힙한'),(26,4.02,'가족과'),(26,9.31,'나홀로'),(26,0.01,'눈부신설원'),(26,19.46,'도시의밤'),(26,7.28,'럭셔리한'),(26,2.48,'로컬감성'),(26,39.63,'미식탐방'),(26,0.54,'배움이있는'),(26,2.24,'사진에진심'),(26,7.88,'쇼핑중독'),(26,0.96,'액티비티'),(26,9.89,'여유로운'),(26,2.68,'역사속으로'),(26,7.17,'연인과'),(26,0.69,'예술과전시'),(26,2.29,'이국적인'),(26,2.74,'전통적인'),(26,3.44,'조용한'),(26,2.5,'초록대자연'),(26,19.53,'친구와'),(26,0.4,'푸른바다'),(26,0.69,'활기찬'),(26,22.82,'힙한'),(27,4.15,'가족과'),(27,24.63,'나홀로'),(27,0,'눈부신설원'),(27,2.46,'도시의밤'),(27,25.5,'럭셔리한'),(27,2.6,'로컬감성'),(27,11.69,'미식탐방'),(27,0.84,'배움이있는'),(27,0.32,'사진에진심'),(27,14.9,'쇼핑중독'),(27,0.55,'액티비티'),(27,21.06,'여유로운'),(27,0.66,'역사속으로'),(27,17.35,'연인과'),(27,2.66,'예술과전시'),(27,0.6,'이국적인'),(27,0.66,'전통적인'),(27,1.13,'조용한'),(27,0.65,'초록대자연'),(27,2.49,'친구와'),(27,3.8,'푸른바다'),(27,0.48,'활기찬'),(27,24.78,'힙한'),(28,3.95,'가족과'),(28,27.79,'나홀로'),(28,0,'눈부신설원'),(28,1.9,'도시의밤'),(28,27.79,'럭셔리한'),(28,2.16,'로컬감성'),(28,10.09,'미식탐방'),(28,2.25,'배움이있는'),(28,0.57,'사진에진심'),(28,11.1,'쇼핑중독'),(28,0,'액티비티'),(28,23.17,'여유로운'),(28,1.14,'역사속으로'),(28,17.27,'연인과'),(28,2.53,'예술과전시'),(28,0.45,'이국적인'),(28,0.57,'전통적인'),(28,1.31,'조용한'),(28,1.09,'초록대자연'),(28,1.9,'친구와'),(28,3.94,'푸른바다'),(28,1.09,'활기찬'),(28,28.29,'힙한'),(29,2.3,'가족과'),(29,26.23,'나홀로'),(29,0,'눈부신설원'),(29,0,'도시의밤'),(29,32.4,'럭셔리한'),(29,0,'로컬감성'),(29,2.56,'미식탐방'),(29,2.78,'배움이있는'),(29,0,'사진에진심'),(29,22.38,'쇼핑중독'),(29,0,'액티비티'),(29,20.99,'여유로운'),(29,0,'역사속으로'),(29,7.35,'연인과'),(29,0,'예술과전시'),(29,0,'이국적인'),(29,0,'전통적인'),(29,0,'조용한'),(29,0,'초록대자연'),(29,0,'친구와'),(29,17.16,'푸른바다'),(29,0,'활기찬'),(29,26.23,'힙한'),(30,1.84,'가족과'),(30,36.59,'나홀로'),(30,0,'눈부신설원'),(30,1.46,'도시의밤'),(30,22.27,'럭셔리한'),(30,0.52,'로컬감성'),(30,7.27,'미식탐방'),(30,0,'배움이있는'),(30,0.52,'사진에진심'),(30,17.28,'쇼핑중독'),(30,0.9,'액티비티'),(30,28.47,'여유로운'),(30,2.03,'역사속으로'),(30,15.99,'연인과'),(30,1.51,'예술과전시'),(30,0.41,'이국적인'),(30,0.52,'전통적인'),(30,0,'조용한'),(30,0,'초록대자연'),(30,1.51,'친구와'),(30,3.6,'푸른바다'),(30,0.52,'활기찬'),(30,35.87,'힙한'),(31,3.17,'가족과'),(31,5.77,'나홀로'),(31,0.03,'눈부신설원'),(31,1.82,'도시의밤'),(31,6.57,'럭셔리한'),(31,1.81,'로컬감성'),(31,47.18,'미식탐방'),(31,1.09,'배움이있는'),(31,6.84,'사진에진심'),(31,13.68,'쇼핑중독'),(31,2.15,'액티비티'),(31,7.99,'여유로운'),(31,6.99,'역사속으로'),(31,3.96,'연인과'),(31,1.13,'예술과전시'),(31,5.89,'이국적인'),(31,7.25,'전통적인'),(31,4.08,'조용한'),(31,2.31,'초록대자연'),(31,1.86,'친구와'),(31,0.29,'푸른바다'),(31,0.37,'활기찬'),(31,4.74,'힙한'),(32,0,'가족과'),(32,16.34,'나홀로'),(32,0,'눈부신설원'),(32,0,'도시의밤'),(32,41.67,'럭셔리한'),(32,0,'로컬감성'),(32,0,'미식탐방'),(32,4.37,'배움이있는'),(32,0,'사진에진심'),(32,26.05,'쇼핑중독'),(32,0,'액티비티'),(32,13.07,'여유로운'),(32,0,'역사속으로'),(32,18.87,'연인과'),(32,0,'예술과전시'),(32,0,'이국적인'),(32,0,'전통적인'),(32,0,'조용한'),(32,0,'초록대자연'),(32,0,'친구와'),(32,9.85,'푸른바다'),(32,0,'활기찬'),(32,16.34,'힙한'),(33,0,'가족과'),(33,28.73,'나홀로'),(33,0,'눈부신설원'),(33,0,'도시의밤'),(33,62.14,'럭셔리한'),(33,0,'로컬감성'),(33,0,'미식탐방'),(33,0,'배움이있는'),(33,0,'사진에진심'),(33,0,'쇼핑중독'),(33,0,'액티비티'),(33,22.99,'여유로운'),(33,0,'역사속으로'),(33,55.92,'연인과'),(33,0,'예술과전시'),(33,0,'이국적인'),(33,0,'전통적인'),(33,0,'조용한'),(33,0,'초록대자연'),(33,0,'친구와'),(33,0,'푸른바다'),(33,0,'활기찬'),(33,28.73,'힙한'),(34,3.1,'가족과'),(34,7.05,'나홀로'),(34,0.03,'눈부신설원'),(34,3.19,'도시의밤'),(34,6.48,'럭셔리한'),(34,2.06,'로컬감성'),(34,44.09,'미식탐방'),(34,0.94,'배움이있는'),(34,9.36,'사진에진심'),(34,10.55,'쇼핑중독'),(34,2.59,'액티비티'),(34,9.29,'여유로운'),(34,9.58,'역사속으로'),(34,3.96,'연인과'),(34,2.19,'예술과전시'),(34,7.67,'이국적인'),(34,9.54,'전통적인'),(34,3.16,'조용한'),(34,2.05,'초록대자연'),(34,3.24,'친구와'),(34,0.6,'푸른바다'),(34,0.51,'활기찬'),(34,7.07,'힙한'),(35,1.89,'가족과'),(35,11.74,'나홀로'),(35,0,'눈부신설원'),(35,2.07,'도시의밤'),(35,8.71,'럭셔리한'),(35,4.01,'로컬감성'),(35,42.89,'미식탐방'),(35,0.82,'배움이있는'),(35,11.72,'사진에진심'),(35,8.64,'쇼핑중독'),(35,1.18,'액티비티'),(35,11.56,'여유로운'),(35,12.19,'역사속으로'),(35,5.66,'연인과'),(35,1.29,'예술과전시'),(35,9.92,'이국적인'),(35,12.27,'전통적인'),(35,2.8,'조용한'),(35,1.21,'초록대자연'),(35,2.08,'친구와'),(35,0.47,'푸른바다'),(35,0.31,'활기찬'),(35,9.13,'힙한'),(36,1.02,'가족과'),(36,17.23,'나홀로'),(36,0.01,'눈부신설원'),(36,2.73,'도시의밤'),(36,6.48,'럭셔리한'),(36,3.5,'로컬감성'),(36,42.84,'미식탐방'),(36,1.39,'배움이있는'),(36,11.12,'사진에진심'),(36,6.83,'쇼핑중독'),(36,1.26,'액티비티'),(36,16.46,'여유로운'),(36,11.31,'역사속으로'),(36,4.9,'연인과'),(36,0.65,'예술과전시'),(36,10.22,'이국적인'),(36,12.45,'전통적인'),(36,0.95,'조용한'),(36,0.17,'초록대자연'),(36,2.75,'친구와'),(36,0.14,'푸른바다'),(36,0.33,'활기찬'),(36,14.4,'힙한'),(37,1.15,'가족과'),(37,11.7,'나홀로'),(37,0,'눈부신설원'),(37,6.44,'도시의밤'),(37,24.16,'럭셔리한'),(37,1.46,'로컬감성'),(37,36.35,'미식탐방'),(37,0.36,'배움이있는'),(37,3.22,'사진에진심'),(37,4.63,'쇼핑중독'),(37,1.11,'액티비티'),(37,14.1,'여유로운'),(37,3.32,'역사속으로'),(37,19.11,'연인과'),(37,0.35,'예술과전시'),(37,3.31,'이국적인'),(37,3.95,'전통적인'),(37,0.71,'조용한'),(37,0.17,'초록대자연'),(37,6.48,'친구와'),(37,2.7,'푸른바다'),(37,0.5,'활기찬'),(37,13.92,'힙한'),(38,0.85,'가족과'),(38,20.65,'나홀로'),(38,0.01,'눈부신설원'),(38,3.66,'도시의밤'),(38,11.74,'럭셔리한'),(38,2.63,'로컬감성'),(38,40.22,'미식탐방'),(38,1.6,'배움이있는'),(38,4.65,'사진에진심'),(38,6.73,'쇼핑중독'),(38,0.84,'액티비티'),(38,18.93,'여유로운'),(38,4.89,'역사속으로'),(38,9.72,'연인과'),(38,0.84,'예술과전시'),(38,7.11,'이국적인'),(38,8.03,'전통적인'),(38,1.55,'조용한'),(38,0.21,'초록대자연'),(38,3.68,'친구와'),(38,0.75,'푸른바다'),(38,0.35,'활기찬'),(38,16.44,'힙한'),(39,0.92,'가족과'),(39,13.22,'나홀로'),(39,0,'눈부신설원'),(39,7.55,'도시의밤'),(39,17.21,'럭셔리한'),(39,1.88,'로컬감성'),(39,38.8,'미식탐방'),(39,0.38,'배움이있는'),(39,7.63,'사진에진심'),(39,4.85,'쇼핑중독'),(39,1.01,'액티비티'),(39,13.6,'여유로운'),(39,7.75,'역사속으로'),(39,13.66,'연인과'),(39,0.26,'예술과전시'),(39,7.23,'이국적인'),(39,8.76,'전통적인'),(39,0.77,'조용한'),(39,0.18,'초록대자연'),(39,7.58,'친구와'),(39,2.12,'푸른바다'),(39,0.64,'활기찬'),(39,15.32,'힙한'),(40,1.2,'가족과'),(40,13.46,'나홀로'),(40,0,'눈부신설원'),(40,4.28,'도시의밤'),(40,28.49,'럭셔리한'),(40,1.21,'로컬감성'),(40,35.97,'미식탐방'),(40,0.45,'배움이있는'),(40,1.75,'사진에진심'),(40,4.71,'쇼핑중독'),(40,0.91,'액티비티'),(40,14.44,'여유로운'),(40,1.93,'역사속으로'),(40,20.63,'연인과'),(40,0.4,'예술과전시'),(40,2.79,'이국적인'),(40,3.14,'전통적인'),(40,0.55,'조용한'),(40,0.27,'초록대자연'),(40,4.31,'친구와'),(40,4.99,'푸른바다'),(40,0.09,'활기찬'),(40,12.09,'힙한'),(41,3.57,'가족과'),(41,13.43,'나홀로'),(41,0,'눈부신설원'),(41,2.04,'도시의밤'),(41,4.97,'럭셔리한'),(41,5.72,'로컬감성'),(41,31.52,'미식탐방'),(41,1.65,'배움이있는'),(41,10.79,'사진에진심'),(41,12.48,'쇼핑중독'),(41,2.09,'액티비티'),(41,14.01,'여유로운'),(41,10.89,'역사속으로'),(41,4.13,'연인과'),(41,0.57,'예술과전시'),(41,8.76,'이국적인'),(41,10.92,'전통적인'),(41,8.31,'조용한'),(41,0.6,'초록대자연'),(41,2.05,'친구와'),(41,0.78,'푸른바다'),(41,0.3,'활기찬'),(41,11.46,'힙한'),(42,3.04,'가족과'),(42,12.03,'나홀로'),(42,0.01,'눈부신설원'),(42,2.73,'도시의밤'),(42,10.37,'럭셔리한'),(42,5.08,'로컬감성'),(42,28.62,'미식탐방'),(42,1.49,'배움이있는'),(42,10.9,'사진에진심'),(42,11.21,'쇼핑중독'),(42,1.89,'액티비티'),(42,12.96,'여유로운'),(42,10.95,'역사속으로'),(42,8.36,'연인과'),(42,0.33,'예술과전시'),(42,8.82,'이국적인'),(42,11,'전통적인'),(42,8.49,'조용한'),(42,0.68,'초록대자연'),(42,2.74,'친구와'),(42,1.77,'푸른바다'),(42,0.3,'활기찬'),(42,11.35,'힙한'),(43,1.81,'가족과'),(43,4.73,'나홀로'),(43,0,'눈부신설원'),(43,3.72,'도시의밤'),(43,49.18,'럭셔리한'),(43,0.96,'로컬감성'),(43,20.32,'미식탐방'),(43,0.35,'배움이있는'),(43,2.4,'사진에진심'),(43,2.58,'쇼핑중독'),(43,0.43,'액티비티'),(43,8.54,'여유로운'),(43,2.48,'역사속으로'),(43,37.86,'연인과'),(43,0.09,'예술과전시'),(43,2,'이국적인'),(43,2.48,'전통적인'),(43,2.35,'조용한'),(43,0.44,'초록대자연'),(43,3.74,'친구와'),(43,8.16,'푸른바다'),(43,0.36,'활기찬'),(43,7.56,'힙한'),(44,2.06,'가족과'),(44,9.59,'나홀로'),(44,0,'눈부신설원'),(44,2.2,'도시의밤'),(44,30.09,'럭셔리한'),(44,3.34,'로컬감성'),(44,21.91,'미식탐방'),(44,1.79,'배움이있는'),(44,3.68,'사진에진심'),(44,9.48,'쇼핑중독'),(44,1.16,'액티비티'),(44,10.45,'여유로운'),(44,3.68,'역사속으로'),(44,25.98,'연인과'),(44,0.2,'예술과전시'),(44,3.15,'이국적인'),(44,3.88,'전통적인'),(44,8.46,'조용한'),(44,0.7,'초록대자연'),(44,2.2,'친구와'),(44,2.61,'푸른바다'),(44,0.3,'활기찬'),(44,9.33,'힙한'),(45,2.89,'가족과'),(45,14.23,'나홀로'),(45,0,'눈부신설원'),(45,2.43,'도시의밤'),(45,10.11,'럭셔리한'),(45,6.74,'로컬감성'),(45,30.81,'미식탐방'),(45,1.91,'배움이있는'),(45,5.68,'사진에진심'),(45,10.92,'쇼핑중독'),(45,1.97,'액티비티'),(45,15.45,'여유로운'),(45,5.79,'역사속으로'),(45,7.96,'연인과'),(45,0.27,'예술과전시'),(45,4.76,'이국적인'),(45,5.89,'전통적인'),(45,9.77,'조용한'),(45,0.55,'초록대자연'),(45,2.44,'친구와'),(45,2.04,'푸른바다'),(45,0.27,'활기찬'),(45,11.36,'힙한'),(46,4.03,'가족과'),(46,16.61,'나홀로'),(46,0,'눈부신설원'),(46,1.78,'도시의밤'),(46,11.68,'럭셔리한'),(46,4.11,'로컬감성'),(46,30.89,'미식탐방'),(46,2.33,'배움이있는'),(46,5.26,'사진에진심'),(46,7.76,'쇼핑중독'),(46,2.22,'액티비티'),(46,16.51,'여유로운'),(46,5.49,'역사속으로'),(46,8.92,'연인과'),(46,0.54,'예술과전시'),(46,4.26,'이국적인'),(46,5.31,'전통적인'),(46,10.64,'조용한'),(46,1.61,'초록대자연'),(46,1.79,'친구와'),(46,3.18,'푸른바다'),(46,0.35,'활기찬'),(46,13.27,'힙한'),(47,2.98,'가족과'),(47,13.63,'나홀로'),(47,0,'눈부신설원'),(47,2.4,'도시의밤'),(47,16.38,'럭셔리한'),(47,3.2,'로컬감성'),(47,29.22,'미식탐방'),(47,2.27,'배움이있는'),(47,8.9,'사진에진심'),(47,8.27,'쇼핑중독'),(47,1.35,'액티비티'),(47,13.87,'여유로운'),(47,9.12,'역사속으로'),(47,14.12,'연인과'),(47,0.49,'예술과전시'),(47,7.19,'이국적인'),(47,8.98,'전통적인'),(47,10.45,'조용한'),(47,1.27,'초록대자연'),(47,2.41,'친구와'),(47,0.95,'푸른바다'),(47,0.21,'활기찬'),(47,9.51,'힙한'),(48,6.45,'가족과'),(48,11.04,'나홀로'),(48,0,'눈부신설원'),(48,1.18,'도시의밤'),(48,18.16,'럭셔리한'),(48,3.75,'로컬감성'),(48,29.04,'미식탐방'),(48,2.56,'배움이있는'),(48,3.35,'사진에진심'),(48,6.5,'쇼핑중독'),(48,1.62,'액티비티'),(48,13.16,'여유로운'),(48,3.75,'역사속으로'),(48,15.02,'연인과'),(48,0.59,'예술과전시'),(48,2.68,'이국적인'),(48,3.35,'전통적인'),(48,18.09,'조용한'),(48,3.54,'초록대자연'),(48,1.18,'친구와'),(48,3.48,'푸른바다'),(48,0.4,'활기찬'),(48,5.93,'힙한'),(49,7.59,'가족과'),(49,8,'나홀로'),(49,0.04,'눈부신설원'),(49,5.39,'도시의밤'),(49,12.21,'럭셔리한'),(49,7.5,'로컬감성'),(49,27.21,'미식탐방'),(49,2.74,'배움이있는'),(49,1.47,'사진에진심'),(49,8.96,'쇼핑중독'),(49,5.65,'액티비티'),(49,9.59,'여유로운'),(49,2.01,'역사속으로'),(49,11.05,'연인과'),(49,5.6,'예술과전시'),(49,1.49,'이국적인'),(49,1.79,'전통적인'),(49,4.28,'조용한'),(49,2.43,'초록대자연'),(49,5.48,'친구와'),(49,0.02,'푸른바다'),(49,1.23,'활기찬'),(49,7.48,'힙한'),(50,7.4,'가족과'),(50,5.67,'나홀로'),(50,0,'눈부신설원'),(50,4.57,'도시의밤'),(50,15.08,'럭셔리한'),(50,6.32,'로컬감성'),(50,27.18,'미식탐방'),(50,1.24,'배움이있는'),(50,2.24,'사진에진심'),(50,7.85,'쇼핑중독'),(50,4.93,'액티비티'),(50,9.26,'여유로운'),(50,2.88,'역사속으로'),(50,12.8,'연인과'),(50,4.4,'예술과전시'),(50,1.91,'이국적인'),(50,2.36,'전통적인'),(50,2.82,'조용한'),(50,1.34,'초록대자연'),(50,4.64,'친구와'),(50,2.04,'푸른바다'),(50,0.97,'활기찬'),(50,7.98,'힙한'),(51,8.35,'가족과'),(51,6.59,'나홀로'),(51,0.04,'눈부신설원'),(51,6.27,'도시의밤'),(51,8.78,'럭셔리한'),(51,8.74,'로컬감성'),(51,24.87,'미식탐방'),(51,2.93,'배움이있는'),(51,1.21,'사진에진심'),(51,8.75,'쇼핑중독'),(51,8.17,'액티비티'),(51,10.08,'여유로운'),(51,1.92,'역사속으로'),(51,9.26,'연인과'),(51,3.39,'예술과전시'),(51,1.32,'이국적인'),(51,1.56,'전통적인'),(51,3.77,'조용한'),(51,1.95,'초록대자연'),(51,6.37,'친구와'),(51,0.08,'푸른바다'),(51,1.52,'활기찬'),(51,9.07,'힙한'),(52,8.99,'가족과'),(52,5.16,'나홀로'),(52,0.02,'눈부신설원'),(52,6.4,'도시의밤'),(52,9.24,'럭셔리한'),(52,7.93,'로컬감성'),(52,26.47,'미식탐방'),(52,2.12,'배움이있는'),(52,1.56,'사진에진심'),(52,9.36,'쇼핑중독'),(52,6.78,'액티비티'),(52,9.14,'여유로운'),(52,1.98,'역사속으로'),(52,8.32,'연인과'),(52,3.41,'예술과전시'),(52,1.54,'이국적인'),(52,1.85,'전통적인'),(52,3.04,'조용한'),(52,1.36,'초록대자연'),(52,6.51,'친구와'),(52,0.98,'푸른바다'),(52,1.43,'활기찬'),(52,8.56,'힙한'),(53,7.62,'가족과'),(53,6.4,'나홀로'),(53,0.02,'눈부신설원'),(53,6.29,'도시의밤'),(53,9.52,'럭셔리한'),(53,9.27,'로컬감성'),(53,26.07,'미식탐방'),(53,3.73,'배움이있는'),(53,1.29,'사진에진심'),(53,8.26,'쇼핑중독'),(53,8.2,'액티비티'),(53,10.09,'여유로운'),(53,1.72,'역사속으로'),(53,9.46,'연인과'),(53,3.26,'예술과전시'),(53,1.17,'이국적인'),(53,1.43,'전통적인'),(53,3.82,'조용한'),(53,1.96,'초록대자연'),(53,6.41,'친구와'),(53,0.07,'푸른바다'),(53,1.22,'활기찬'),(53,9.31,'힙한'),(54,4.88,'가족과'),(54,18.11,'나홀로'),(54,0.14,'눈부신설원'),(54,6.79,'도시의밤'),(54,6.02,'럭셔리한'),(54,1.79,'로컬감성'),(54,23.72,'미식탐방'),(54,5.99,'배움이있는'),(54,0.58,'사진에진심'),(54,10.25,'쇼핑중독'),(54,4.65,'액티비티'),(54,15.45,'여유로운'),(54,2.07,'역사속으로'),(54,6.28,'연인과'),(54,4.39,'예술과전시'),(54,0.49,'이국적인'),(54,0.61,'전통적인'),(54,5,'조용한'),(54,0.72,'초록대자연'),(54,6.98,'친구와'),(54,0.1,'푸른바다'),(54,2.24,'활기찬'),(54,12.78,'힙한'),(55,4,'가족과'),(55,18.76,'나홀로'),(55,0.19,'눈부신설원'),(55,7.82,'도시의밤'),(55,8.67,'럭셔리한'),(55,5.74,'로컬감성'),(55,25.07,'미식탐방'),(55,5.04,'배움이있는'),(55,0.97,'사진에진심'),(55,8.78,'쇼핑중독'),(55,4.61,'액티비티'),(55,15.04,'여유로운'),(55,2.27,'역사속으로'),(55,8.8,'연인과'),(55,2.8,'예술과전시'),(55,0.83,'이국적인'),(55,1.02,'전통적인'),(55,3.46,'조용한'),(55,0.38,'초록대자연'),(55,8.05,'친구와'),(55,0.08,'푸른바다'),(55,2.52,'활기찬'),(55,15.07,'힙한'),(56,7.98,'가족과'),(56,20.11,'나홀로'),(56,0,'눈부신설원'),(56,4.61,'도시의밤'),(56,10.58,'럭셔리한'),(56,4.72,'로컬감성'),(56,26.51,'미식탐방'),(56,1.88,'배움이있는'),(56,0,'사진에진심'),(56,16.48,'쇼핑중독'),(56,3.9,'액티비티'),(56,19.21,'여유로운'),(56,0.9,'역사속으로'),(56,9.52,'연인과'),(56,1.87,'예술과전시'),(56,0,'이국적인'),(56,0,'전통적인'),(56,4.09,'조용한'),(56,1.87,'초록대자연'),(56,4.8,'친구와'),(56,0,'푸른바다'),(56,0.98,'활기찬'),(56,9.22,'힙한'),(57,12.47,'가족과'),(57,17.49,'나홀로'),(57,0.02,'눈부신설원'),(57,3.91,'도시의밤'),(57,6.61,'럭셔리한'),(57,5.13,'로컬감성'),(57,26.85,'미식탐방'),(57,2.87,'배움이있는'),(57,2.18,'사진에진심'),(57,8.01,'쇼핑중독'),(57,8.48,'액티비티'),(57,23.88,'여유로운'),(57,2.4,'역사속으로'),(57,5.5,'연인과'),(57,2.26,'예술과전시'),(57,2.13,'이국적인'),(57,2.57,'전통적인'),(57,10.63,'조용한'),(57,8.73,'초록대자연'),(57,4.11,'친구와'),(57,1.39,'푸른바다'),(57,0.73,'활기찬'),(57,7.33,'힙한'),(58,10.26,'가족과'),(58,16.99,'나홀로'),(58,0.03,'눈부신설원'),(58,4.51,'도시의밤'),(58,5.34,'럭셔리한'),(58,5.9,'로컬감성'),(58,26.39,'미식탐방'),(58,3.13,'배움이있는'),(58,2.4,'사진에진심'),(58,9.43,'쇼핑중독'),(58,10.38,'액티비티'),(58,19.36,'여유로운'),(58,2.64,'역사속으로'),(58,5.52,'연인과'),(58,2.3,'예술과전시'),(58,2.38,'이국적인'),(58,2.86,'전통적인'),(58,8.08,'조용한'),(58,5.09,'초록대자연'),(58,4.69,'친구와'),(58,0.45,'푸른바다'),(58,0.84,'활기찬'),(58,7.97,'힙한'),(59,12.75,'가족과'),(59,17.54,'나홀로'),(59,0.03,'눈부신설원'),(59,3.28,'도시의밤'),(59,5.13,'럭셔리한'),(59,4.29,'로컬감성'),(59,22.94,'미식탐방'),(59,2.66,'배움이있는'),(59,3.63,'사진에진심'),(59,9.25,'쇼핑중독'),(59,11.33,'액티비티'),(59,24.33,'여유로운'),(59,3.91,'역사속으로'),(59,4.79,'연인과'),(59,1.66,'예술과전시'),(59,3.18,'이국적인'),(59,3.91,'전통적인'),(59,11.85,'조용한'),(59,8.84,'초록대자연'),(59,3.44,'친구와'),(59,0.52,'푸른바다'),(59,0.59,'활기찬'),(59,8.07,'힙한'),(60,12.01,'가족과'),(60,14.41,'나홀로'),(60,0.02,'눈부신설원'),(60,3.08,'도시의밤'),(60,9.52,'럭셔리한'),(60,3.5,'로컬감성'),(60,21.34,'미식탐방'),(60,1.52,'배움이있는'),(60,6.28,'사진에진심'),(60,9.35,'쇼핑중독'),(60,10.23,'액티비티'),(60,21.4,'여유로운'),(60,6.42,'역사속으로'),(60,7.77,'연인과'),(60,1.22,'예술과전시'),(60,5.14,'이국적인'),(60,6.39,'전통적인'),(60,8.14,'조용한'),(60,7.42,'초록대자연'),(60,3.2,'친구와'),(60,3.08,'푸른바다'),(60,1.42,'활기찬'),(60,8.77,'힙한'),(61,14.28,'가족과'),(61,16.6,'나홀로'),(61,0.04,'눈부신설원'),(61,3.68,'도시의밤'),(61,4.82,'럭셔리한'),(61,4.29,'로컬감성'),(61,22.86,'미식탐방'),(61,2.48,'배움이있는'),(61,3.15,'사진에진심'),(61,8.76,'쇼핑중독'),(61,11.08,'액티비티'),(61,24.01,'여유로운'),(61,3.36,'역사속으로'),(61,4.85,'연인과'),(61,1.91,'예술과전시'),(61,2.89,'이국적인'),(61,3.52,'전통적인'),(61,12.54,'조용한'),(61,10.15,'초록대자연'),(61,3.83,'친구와'),(61,0.9,'푸른바다'),(61,0.76,'활기찬'),(61,8.32,'힙한'),(62,2.06,'가족과'),(62,8.6,'나홀로'),(62,0.01,'눈부신설원'),(62,1.69,'도시의밤'),(62,3.95,'럭셔리한'),(62,6.85,'로컬감성'),(62,48.37,'미식탐방'),(62,0.97,'배움이있는'),(62,6.07,'사진에진심'),(62,7.47,'쇼핑중독'),(62,1.56,'액티비티'),(62,9.44,'여유로운'),(62,6.36,'역사속으로'),(62,3.69,'연인과'),(62,1.36,'예술과전시'),(62,5.62,'이국적인'),(62,6.84,'전통적인'),(62,5.4,'조용한'),(62,1.01,'초록대자연'),(62,1.74,'친구와'),(62,0.07,'푸른바다'),(62,0.28,'활기찬'),(62,7.02,'힙한'),(63,1.37,'가족과'),(63,6.13,'나홀로'),(63,0.01,'눈부신설원'),(63,1.6,'도시의밤'),(63,3.62,'럭셔리한'),(63,8.47,'로컬감성'),(63,49.25,'미식탐방'),(63,0.63,'배움이있는'),(63,4.76,'사진에진심'),(63,8.31,'쇼핑중독'),(63,1.24,'액티비티'),(63,6.95,'여유로운'),(63,4.96,'역사속으로'),(63,3.56,'연인과'),(63,0.89,'예술과전시'),(63,4.92,'이국적인'),(63,5.87,'전통적인'),(63,7.02,'조용한'),(63,0.55,'초록대자연'),(63,1.64,'친구와'),(63,0.06,'푸른바다'),(63,0.27,'활기찬'),(63,5.34,'힙한'),(64,1.54,'가족과'),(64,7.04,'나홀로'),(64,0.01,'눈부신설원'),(64,0.85,'도시의밤'),(64,3.25,'럭셔리한'),(64,9.14,'로컬감성'),(64,46.47,'미식탐방'),(64,0.78,'배움이있는'),(64,5.14,'사진에진심'),(64,9.87,'쇼핑중독'),(64,1.25,'액티비티'),(64,7.52,'여유로운'),(64,5.39,'역사속으로'),(64,3.46,'연인과'),(64,1.12,'예술과전시'),(64,5.09,'이국적인'),(64,6.12,'전통적인'),(64,8,'조용한'),(64,0.79,'초록대자연'),(64,0.87,'친구와'),(64,0.09,'푸른바다'),(64,0.29,'활기찬'),(64,5.22,'힙한'),(65,8.16,'가족과'),(65,15.35,'나홀로'),(65,0.02,'눈부신설원'),(65,9.62,'도시의밤'),(65,8.75,'럭셔리한'),(65,4.25,'로컬감성'),(65,20.84,'미식탐방'),(65,2.86,'배움이있는'),(65,3.65,'사진에진심'),(65,7.59,'쇼핑중독'),(65,6.15,'액티비티'),(65,17.96,'여유로운'),(65,3.99,'역사속으로'),(65,6.58,'연인과'),(65,3.66,'예술과전시'),(65,3.58,'이국적인'),(65,4.31,'전통적인'),(65,8.54,'조용한'),(65,3.96,'초록대자연'),(65,10.41,'친구와'),(65,0.47,'푸른바다'),(65,1.07,'활기찬'),(65,9.55,'힙한'),(66,7.07,'가족과'),(66,14.95,'나홀로'),(66,0.04,'눈부신설원'),(66,10.76,'도시의밤'),(66,9.65,'럭셔리한'),(66,4.74,'로컬감성'),(66,20.48,'미식탐방'),(66,3.11,'배움이있는'),(66,3,'사진에진심'),(66,5.71,'쇼핑중독'),(66,7.07,'액티비티'),(66,16.72,'여유로운'),(66,3.79,'역사속으로'),(66,10.42,'연인과'),(66,2.85,'예술과전시'),(66,2.66,'이국적인'),(66,3.26,'전통적인'),(66,9.71,'조용한'),(66,3.95,'초록대자연'),(66,11.52,'친구와'),(66,0.9,'푸른바다'),(66,1.03,'활기찬'),(66,10.43,'힙한'),(67,8.23,'가족과'),(67,11.8,'나홀로'),(67,0.03,'눈부신설원'),(67,14.59,'도시의밤'),(67,5.09,'럭셔리한'),(67,4.49,'로컬감성'),(67,19.02,'미식탐방'),(67,2.09,'배움이있는'),(67,2.54,'사진에진심'),(67,7.48,'쇼핑중독'),(67,7.43,'액티비티'),(67,16.18,'여유로운'),(67,2.8,'역사속으로'),(67,6.18,'연인과'),(67,1.39,'예술과전시'),(67,3.05,'이국적인'),(67,3.56,'전통적인'),(67,10.32,'조용한'),(67,4.07,'초록대자연'),(67,15.83,'친구와'),(67,0.37,'푸른바다'),(67,0.94,'활기찬'),(67,9.38,'힙한'),(68,7.93,'가족과'),(68,13.07,'나홀로'),(68,0.01,'눈부신설원'),(68,16.3,'도시의밤'),(68,6.52,'럭셔리한'),(68,3.69,'로컬감성'),(68,18.17,'미식탐방'),(68,2.27,'배움이있는'),(68,2.37,'사진에진심'),(68,6.05,'쇼핑중독'),(68,7.05,'액티비티'),(68,16.8,'여유로운'),(68,2.87,'역사속으로'),(68,7.92,'연인과'),(68,1.66,'예술과전시'),(68,2.1,'이국적인'),(68,2.58,'전통적인'),(68,9.85,'조용한'),(68,4.07,'초록대자연'),(68,17.66,'친구와'),(68,0.48,'푸른바다'),(68,1.17,'활기찬'),(68,10.94,'힙한'),(69,6.13,'가족과'),(69,14.15,'나홀로'),(69,0.05,'눈부신설원'),(69,8.04,'도시의밤'),(69,7.72,'럭셔리한'),(69,5.62,'로컬감성'),(69,24.74,'미식탐방'),(69,2.21,'배움이있는'),(69,1.96,'사진에진심'),(69,10.08,'쇼핑중독'),(69,7.45,'액티비티'),(69,13.52,'여유로운'),(69,2.94,'역사속으로'),(69,7.45,'연인과'),(69,6.71,'예술과전시'),(69,2.07,'이국적인'),(69,2.46,'전통적인'),(69,4.78,'조용한'),(69,2.18,'초록대자연'),(69,8.28,'친구와'),(69,0.64,'푸른바다'),(69,1.55,'활기찬'),(69,11.11,'힙한'),(70,4.86,'가족과'),(70,10.55,'나홀로'),(70,0.09,'눈부신설원'),(70,6.26,'도시의밤'),(70,12.84,'럭셔리한'),(70,6.69,'로컬감성'),(70,25.15,'미식탐방'),(70,2.47,'배움이있는'),(70,1.61,'사진에진심'),(70,10.29,'쇼핑중독'),(70,8.36,'액티비티'),(70,11.45,'여유로운'),(70,2.19,'역사속으로'),(70,10.24,'연인과'),(70,3.77,'예술과전시'),(70,1.78,'이국적인'),(70,2.1,'전통적인'),(70,4.33,'조용한'),(70,1.3,'초록대자연'),(70,6.38,'친구와'),(70,0.76,'푸른바다'),(70,1.58,'활기찬'),(70,9.08,'힙한'),(71,5.75,'가족과'),(71,10.38,'나홀로'),(71,0.06,'눈부신설원'),(71,6.21,'도시의밤'),(71,10.26,'럭셔리한'),(71,5.54,'로컬감성'),(71,25.97,'미식탐방'),(71,1.78,'배움이있는'),(71,2.02,'사진에진심'),(71,9.84,'쇼핑중독'),(71,9.16,'액티비티'),(71,11.58,'여유로운'),(71,3.04,'역사속으로'),(71,10.06,'연인과'),(71,3.12,'예술과전시'),(71,2.39,'이국적인'),(71,2.8,'전통적인'),(71,5.21,'조용한'),(71,1.73,'초록대자연'),(71,6.39,'친구와'),(71,0.58,'푸른바다'),(71,1.27,'활기찬'),(71,8.21,'힙한'),(72,5.64,'가족과'),(72,11.33,'나홀로'),(72,0.04,'눈부신설원'),(72,7.69,'도시의밤'),(72,9.03,'럭셔리한'),(72,6.72,'로컬감성'),(72,24.48,'미식탐방'),(72,1.78,'배움이있는'),(72,1.7,'사진에진심'),(72,11.86,'쇼핑중독'),(72,8.52,'액티비티'),(72,12.1,'여유로운'),(72,2.55,'역사속으로'),(72,8.46,'연인과'),(72,3.84,'예술과전시'),(72,1.84,'이국적인'),(72,2.18,'전통적인'),(72,5.44,'조용한'),(72,1.88,'초록대자연'),(72,7.93,'친구와'),(72,0.66,'푸른바다'),(72,1.61,'활기찬'),(72,10.15,'힙한'),(73,5.82,'가족과'),(73,10.27,'나홀로'),(73,0.07,'눈부신설원'),(73,5.99,'도시의밤'),(73,9.43,'럭셔리한'),(73,6.96,'로컬감성'),(73,25.12,'미식탐방'),(73,2.2,'배움이있는'),(73,1.65,'사진에진심'),(73,10.22,'쇼핑중독'),(73,9.78,'액티비티'),(73,10.89,'여유로운'),(73,2.49,'역사속으로'),(73,8.88,'연인과'),(73,3.26,'예술과전시'),(73,1.9,'이국적인'),(73,2.23,'전통적인'),(73,5.31,'조용한'),(73,1.49,'초록대자연'),(73,6.23,'친구와'),(73,0.39,'푸른바다'),(73,1.68,'활기찬'),(73,8.21,'힙한'),(74,2.47,'가족과'),(74,10.21,'나홀로'),(74,0.01,'눈부신설원'),(74,2.44,'도시의밤'),(74,6.05,'럭셔리한'),(74,7.93,'로컬감성'),(74,34.77,'미식탐방'),(74,1.21,'배움이있는'),(74,10.98,'사진에진심'),(74,9.72,'쇼핑중독'),(74,2.43,'액티비티'),(74,12.43,'여유로운'),(74,11.15,'역사속으로'),(74,5.29,'연인과'),(74,1.37,'예술과전시'),(74,10.72,'이국적인'),(74,12.91,'전통적인'),(74,3.44,'조용한'),(74,1.29,'초록대자연'),(74,2.48,'친구와'),(74,0.18,'푸른바다'),(74,0.59,'활기찬'),(74,8.27,'힙한'),(75,9.57,'가족과'),(75,8.73,'나홀로'),(75,0.02,'눈부신설원'),(75,9.7,'도시의밤'),(75,13.52,'럭셔리한'),(75,4.29,'로컬감성'),(75,27.53,'미식탐방'),(75,1.87,'배움이있는'),(75,2.03,'사진에진심'),(75,8.28,'쇼핑중독'),(75,5.48,'액티비티'),(75,8.92,'여유로운'),(75,2.59,'역사속으로'),(75,11.3,'연인과'),(75,2.71,'예술과전시'),(75,1.69,'이국적인'),(75,2.09,'전통적인'),(75,2.8,'조용한'),(75,1.81,'초록대자연'),(75,9.82,'친구와'),(75,0.36,'푸른바다'),(75,0.91,'활기찬'),(75,11.41,'힙한'),(76,7.3,'가족과'),(76,6.04,'나홀로'),(76,0,'눈부신설원'),(76,10.99,'도시의밤'),(76,15.62,'럭셔리한'),(76,5.08,'로컬감성'),(76,28.34,'미식탐방'),(76,1.35,'배움이있는'),(76,2.84,'사진에진심'),(76,8.03,'쇼핑중독'),(76,4.15,'액티비티'),(76,5.92,'여유로운'),(76,3.47,'역사속으로'),(76,13.8,'연인과'),(76,3.36,'예술과전시'),(76,2.3,'이국적인'),(76,2.87,'전통적인'),(76,2.89,'조용한'),(76,1.22,'초록대자연'),(76,11.09,'친구와'),(76,1,'푸른바다'),(76,0.63,'활기찬'),(76,11.64,'힙한'),(77,10.37,'가족과'),(77,10.45,'나홀로'),(77,0.03,'눈부신설원'),(77,10.46,'도시의밤'),(77,7.91,'럭셔리한'),(77,5.79,'로컬감성'),(77,29.27,'미식탐방'),(77,1.53,'배움이있는'),(77,1.63,'사진에진심'),(77,9.5,'쇼핑중독'),(77,5.13,'액티비티'),(77,11.41,'여유로운'),(77,2.05,'역사속으로'),(77,6.19,'연인과'),(77,2.97,'예술과전시'),(77,1.38,'이국적인'),(77,1.71,'전통적인'),(77,3.74,'조용한'),(77,2.59,'초록대자연'),(77,10.59,'친구와'),(77,0.11,'푸른바다'),(77,1.08,'활기찬'),(77,12.91,'힙한'),(78,6.77,'가족과'),(78,7.84,'나홀로'),(78,0.01,'눈부신설원'),(78,7.94,'도시의밤'),(78,13.43,'럭셔리한'),(78,5.85,'로컬감성'),(78,29.72,'미식탐방'),(78,1.88,'배움이있는'),(78,2.97,'사진에진심'),(78,10.68,'쇼핑중독'),(78,3.67,'액티비티'),(78,7.7,'여유로운'),(78,4.06,'역사속으로'),(78,10.81,'연인과'),(78,3.01,'예술과전시'),(78,2.41,'이국적인'),(78,3.01,'전통적인'),(78,4.75,'조용한'),(78,1.77,'초록대자연'),(78,8.03,'친구와'),(78,0.37,'푸른바다'),(78,1.01,'활기찬'),(78,9.59,'힙한'),(79,9.81,'가족과'),(79,9.84,'나홀로'),(79,0.01,'눈부신설원'),(79,10.56,'도시의밤'),(79,11.07,'럭셔리한'),(79,6.44,'로컬감성'),(79,24.55,'미식탐방'),(79,1.08,'배움이있는'),(79,1.33,'사진에진심'),(79,14.57,'쇼핑중독'),(79,3.76,'액티비티'),(79,9.23,'여유로운'),(79,1.76,'역사속으로'),(79,9.74,'연인과'),(79,1.38,'예술과전시'),(79,1.07,'이국적인'),(79,1.34,'전통적인'),(79,2.72,'조용한'),(79,1.13,'초록대자연'),(79,10.73,'친구와'),(79,0.68,'푸른바다'),(79,0.72,'활기찬'),(79,11.39,'힙한'),(80,4.32,'가족과'),(80,9.07,'나홀로'),(80,0.08,'눈부신설원'),(80,4.09,'도시의밤'),(80,9.36,'럭셔리한'),(80,4.15,'로컬감성'),(80,21.29,'미식탐방'),(80,1.32,'배움이있는'),(80,1.51,'사진에진심'),(80,11.72,'쇼핑중독'),(80,8.69,'액티비티'),(80,15.33,'여유로운'),(80,2.46,'역사속으로'),(80,10.4,'연인과'),(80,5.94,'예술과전시'),(80,1.68,'이국적인'),(80,1.98,'전통적인'),(80,3.42,'조용한'),(80,1.22,'초록대자연'),(80,4.25,'친구와'),(80,1.18,'푸른바다'),(80,1.59,'활기찬'),(80,7.42,'힙한'),(81,5.06,'가족과'),(81,8,'나홀로'),(81,0.09,'눈부신설원'),(81,3.1,'도시의밤'),(81,5.54,'럭셔리한'),(81,4.23,'로컬감성'),(81,20.99,'미식탐방'),(81,1.77,'배움이있는'),(81,1.74,'사진에진심'),(81,12.86,'쇼핑중독'),(81,9.63,'액티비티'),(81,16.83,'여유로운'),(81,2.59,'역사속으로'),(81,7.36,'연인과'),(81,5.1,'예술과전시'),(81,2.02,'이국적인'),(81,2.37,'전통적인'),(81,5.18,'조용한'),(81,2.03,'초록대자연'),(81,3.23,'친구와'),(81,0.59,'푸른바다'),(81,1.53,'활기찬'),(81,6.49,'힙한'),(82,4.03,'가족과'),(82,4.92,'나홀로'),(82,0.16,'눈부신설원'),(82,2.51,'도시의밤'),(82,8.47,'럭셔리한'),(82,4.41,'로컬감성'),(82,18.51,'미식탐방'),(82,0.48,'배움이있는'),(82,1.18,'사진에진심'),(82,12.89,'쇼핑중독'),(82,10.07,'액티비티'),(82,15.15,'여유로운'),(82,1.94,'역사속으로'),(82,15.25,'연인과'),(82,3.35,'예술과전시'),(82,1.1,'이국적인'),(82,1.34,'전통적인'),(82,4.65,'조용한'),(82,2.04,'초록대자연'),(82,2.61,'친구와'),(82,2.49,'푸른바다'),(82,1.13,'활기찬'),(82,3.87,'힙한'),(83,5.15,'가족과'),(83,6.58,'나홀로'),(83,0.14,'눈부신설원'),(83,6.5,'도시의밤'),(83,7.79,'럭셔리한'),(83,3.99,'로컬감성'),(83,21.43,'미식탐방'),(83,1.61,'배움이있는'),(83,1.52,'사진에진심'),(83,9.05,'쇼핑중독'),(83,6.61,'액티비티'),(83,17.47,'여유로운'),(83,2.71,'역사속으로'),(83,7.99,'연인과'),(83,5.12,'예술과전시'),(83,1.53,'이국적인'),(83,1.84,'전통적인'),(83,5.21,'조용한'),(83,1.22,'초록대자연'),(83,6.61,'친구와'),(83,0.33,'푸른바다'),(83,1.32,'활기찬'),(83,9.8,'힙한'),(84,4.37,'가족과'),(84,3.91,'나홀로'),(84,2.9,'눈부신설원'),(84,5.49,'도시의밤'),(84,29.5,'럭셔리한'),(84,3.26,'로컬감성'),(84,22.02,'미식탐방'),(84,0.46,'배움이있는'),(84,2.57,'사진에진심'),(84,4.33,'쇼핑중독'),(84,3.02,'액티비티'),(84,10.36,'여유로운'),(84,3.44,'역사속으로'),(84,26.49,'연인과'),(84,2.19,'예술과전시'),(84,2.13,'이국적인'),(84,2.65,'전통적인'),(84,2.74,'조용한'),(84,0.69,'초록대자연'),(84,5.65,'친구와'),(84,1.32,'푸른바다'),(84,0.94,'활기찬'),(84,6.49,'힙한'),(85,4.2,'가족과'),(85,5.22,'나홀로'),(85,0.62,'눈부신설원'),(85,6.22,'도시의밤'),(85,14.55,'럭셔리한'),(85,3.53,'로컬감성'),(85,22.87,'미식탐방'),(85,1.24,'배움이있는'),(85,2.03,'사진에진심'),(85,7.65,'쇼핑중독'),(85,5.04,'액티비티'),(85,13.99,'여유로운'),(85,3.13,'역사속으로'),(85,14.43,'연인과'),(85,3.46,'예술과전시'),(85,1.8,'이국적인'),(85,2.2,'전통적인'),(85,4.54,'조용한'),(85,0.75,'초록대자연'),(85,6.38,'친구와'),(85,0.46,'푸른바다'),(85,1.3,'활기찬'),(85,8.59,'힙한'),(86,6.72,'가족과'),(86,6.56,'나홀로'),(86,0.22,'눈부신설원'),(86,6.62,'도시의밤'),(86,10.39,'럭셔리한'),(86,5.3,'로컬감성'),(86,25.04,'미식탐방'),(86,2.31,'배움이있는'),(86,1.13,'사진에진심'),(86,7.51,'쇼핑중독'),(86,6.34,'액티비티'),(86,14.48,'여유로운'),(86,2.08,'역사속으로'),(86,7.88,'연인과'),(86,5.12,'예술과전시'),(86,1.1,'이국적인'),(86,1.33,'전통적인'),(86,4.78,'조용한'),(86,2.05,'초록대자연'),(86,6.75,'친구와'),(86,0.52,'푸른바다'),(86,1.68,'활기찬'),(86,9.66,'힙한'),(87,2.51,'가족과'),(87,11.4,'나홀로'),(87,0.02,'눈부신설원'),(87,1.86,'도시의밤'),(87,6.86,'럭셔리한'),(87,4.8,'로컬감성'),(87,40.53,'미식탐방'),(87,2.01,'배움이있는'),(87,6.87,'사진에진심'),(87,10.02,'쇼핑중독'),(87,2.2,'액티비티'),(87,11.96,'여유로운'),(87,6.94,'역사속으로'),(87,5.81,'연인과'),(87,0.96,'예술과전시'),(87,9.32,'이국적인'),(87,10.7,'전통적인'),(87,2.53,'조용한'),(87,0.76,'초록대자연'),(87,1.88,'친구와'),(87,0.19,'푸른바다'),(87,0.5,'활기찬'),(87,7.53,'힙한'),(88,1.8,'가족과'),(88,13,'나홀로'),(88,0,'눈부신설원'),(88,3.02,'도시의밤'),(88,10.62,'럭셔리한'),(88,3.41,'로컬감성'),(88,38.6,'미식탐방'),(88,1.78,'배움이있는'),(88,6.89,'사진에진심'),(88,9.19,'쇼핑중독'),(88,1.64,'액티비티'),(88,13.77,'여유로운'),(88,7.05,'역사속으로'),(88,9.53,'연인과'),(88,0.53,'예술과전시'),(88,8.32,'이국적인'),(88,9.7,'전통적인'),(88,4.44,'조용한'),(88,0.69,'초록대자연'),(88,3.07,'친구와'),(88,0.74,'푸른바다'),(88,0.4,'활기찬'),(88,7.74,'힙한'),(89,1.75,'가족과'),(89,8.04,'나홀로'),(89,0,'눈부신설원'),(89,2.93,'도시의밤'),(89,33.57,'럭셔리한'),(89,1.39,'로컬감성'),(89,34.3,'미식탐방'),(89,0.37,'배움이있는'),(89,1.61,'사진에진심'),(89,5.48,'쇼핑중독'),(89,0.58,'액티비티'),(89,9.98,'여유로운'),(89,1.61,'역사속으로'),(89,28.31,'연인과'),(89,0.19,'예술과전시'),(89,4.22,'이국적인'),(89,4.54,'전통적인'),(89,0.55,'조용한'),(89,0.38,'초록대자연'),(89,2.95,'친구와'),(89,3.8,'푸른바다'),(89,0.28,'활기찬'),(89,5.91,'힙한'),(90,2.03,'가족과'),(90,10.47,'나홀로'),(90,0,'눈부신설원'),(90,0.38,'도시의밤'),(90,6.79,'럭셔리한'),(90,6.05,'로컬감성'),(90,45.38,'미식탐방'),(90,0.71,'배움이있는'),(90,2.12,'사진에진심'),(90,14.01,'쇼핑중독'),(90,1.84,'액티비티'),(90,9.94,'여유로운'),(90,2.12,'역사속으로'),(90,6.47,'연인과'),(90,0.16,'예술과전시'),(90,7.19,'이국적인'),(90,7.61,'전통적인'),(90,4.57,'조용한'),(90,1.02,'초록대자연'),(90,0.39,'친구와'),(90,0.13,'푸른바다'),(90,0.08,'활기찬'),(90,5.34,'힙한'),(91,1.73,'가족과'),(91,11.1,'나홀로'),(91,0,'눈부신설원'),(91,1.22,'도시의밤'),(91,14.93,'럭셔리한'),(91,4.63,'로컬감성'),(91,40.24,'미식탐방'),(91,1.47,'배움이있는'),(91,3.63,'사진에진심'),(91,8.07,'쇼핑중독'),(91,1.28,'액티비티'),(91,10.83,'여유로운'),(91,4.11,'역사속으로'),(91,13.49,'연인과'),(91,1.12,'예술과전시'),(91,10.69,'이국적인'),(91,11.41,'전통적인'),(91,2.22,'조용한'),(91,0.62,'초록대자연'),(91,1.23,'친구와'),(91,0.62,'푸른바다'),(91,0.26,'활기찬'),(91,5.44,'힙한'),(92,2.32,'가족과'),(92,12.98,'나홀로'),(92,0,'눈부신설원'),(92,1.52,'도시의밤'),(92,9.32,'럭셔리한'),(92,5.83,'로컬감성'),(92,44.22,'미식탐방'),(92,1.58,'배움이있는'),(92,2.36,'사진에진심'),(92,7.56,'쇼핑중독'),(92,1.68,'액티비티'),(92,12.61,'여유로운'),(92,2.51,'역사속으로'),(92,9.44,'연인과'),(92,0.76,'예술과전시'),(92,7.42,'이국적인'),(92,7.89,'전통적인'),(92,3.45,'조용한'),(92,0.91,'초록대자연'),(92,1.53,'친구와'),(92,0.15,'푸른바다'),(92,0.32,'활기찬'),(92,8.09,'힙한'),(93,12.34,'가족과'),(93,12.83,'나홀로'),(93,0.2,'눈부신설원'),(93,1.87,'도시의밤'),(93,5.91,'럭셔리한'),(93,4.73,'로컬감성'),(93,20.55,'미식탐방'),(93,4.06,'배움이있는'),(93,6.93,'사진에진심'),(93,8.25,'쇼핑중독'),(93,5.56,'액티비티'),(93,18.63,'여유로운'),(93,7.17,'역사속으로'),(93,5.74,'연인과'),(93,3.28,'예술과전시'),(93,6.05,'이국적인'),(93,7.44,'전통적인'),(93,10.38,'조용한'),(93,6.7,'초록대자연'),(93,1.97,'친구와'),(93,1.09,'푸른바다'),(93,1.06,'활기찬'),(93,10.25,'힙한'),(94,13.76,'가족과'),(94,11.19,'나홀로'),(94,0.22,'눈부신설원'),(94,2.69,'도시의밤'),(94,5.76,'럭셔리한'),(94,5.28,'로컬감성'),(94,18.64,'미식탐방'),(94,2.98,'배움이있는'),(94,6.92,'사진에진심'),(94,8.88,'쇼핑중독'),(94,5.38,'액티비티'),(94,18.63,'여유로운'),(94,7.14,'역사속으로'),(94,5.05,'연인과'),(94,2.9,'예술과전시'),(94,6.21,'이국적인'),(94,7.59,'전통적인'),(94,12.55,'조용한'),(94,7.48,'초록대자연'),(94,2.8,'친구와'),(94,0.29,'푸른바다'),(94,0.94,'활기찬'),(94,10.64,'힙한'),(95,12.69,'가족과'),(95,11.71,'나홀로'),(95,0.35,'눈부신설원'),(95,3.51,'도시의밤'),(95,5.75,'럭셔리한'),(95,5.04,'로컬감성'),(95,22.99,'미식탐방'),(95,3.18,'배움이있는'),(95,4.45,'사진에진심'),(95,10.47,'쇼핑중독'),(95,5.44,'액티비티'),(95,17.73,'여유로운'),(95,4.78,'역사속으로'),(95,5.02,'연인과'),(95,3.27,'예술과전시'),(95,4.08,'이국적인'),(95,4.97,'전통적인'),(95,9.66,'조용한'),(95,7.03,'초록대자연'),(95,3.6,'친구와'),(95,0.27,'푸른바다'),(95,1.32,'활기찬'),(95,9.94,'힙한'),(96,10.58,'가족과'),(96,10.17,'나홀로'),(96,0.77,'눈부신설원'),(96,5,'도시의밤'),(96,8.16,'럭셔리한'),(96,3.6,'로컬감성'),(96,19.96,'미식탐방'),(96,3.9,'배움이있는'),(96,5.75,'사진에진심'),(96,11.13,'쇼핑중독'),(96,5.24,'액티비티'),(96,15.25,'여유로운'),(96,6.14,'역사속으로'),(96,8.6,'연인과'),(96,3.36,'예술과전시'),(96,4.84,'이국적인'),(96,5.99,'전통적인'),(96,7.67,'조용한'),(96,6.01,'초록대자연'),(96,5.13,'친구와'),(96,0.56,'푸른바다'),(96,1.27,'활기찬'),(96,10.68,'힙한'),(97,0.95,'가족과'),(97,14.61,'나홀로'),(97,0,'눈부신설원'),(97,3.81,'도시의밤'),(97,29.9,'럭셔리한'),(97,1.85,'로컬감성'),(97,30.34,'미식탐방'),(97,0.5,'배움이있는'),(97,3.97,'사진에진심'),(97,4.46,'쇼핑중독'),(97,1,'액티비티'),(97,15.69,'여유로운'),(97,4.35,'역사속으로'),(97,26.41,'연인과'),(97,1.05,'예술과전시'),(97,4.33,'이국적인'),(97,5.12,'전통적인'),(97,1.14,'조용한'),(97,0.06,'초록대자연'),(97,3.86,'친구와'),(97,0.66,'푸른바다'),(97,0.28,'활기찬'),(97,12.84,'힙한'),(98,1.37,'가족과'),(98,24.19,'나홀로'),(98,0.01,'눈부신설원'),(98,3.87,'도시의밤'),(98,7.83,'럭셔리한'),(98,2.81,'로컬감성'),(98,32.73,'미식탐방'),(98,1.31,'배움이있는'),(98,4.72,'사진에진심'),(98,15.19,'쇼핑중독'),(98,1.9,'액티비티'),(98,21.27,'여유로운'),(98,4.76,'역사속으로'),(98,5.48,'연인과'),(98,0.48,'예술과전시'),(98,5.17,'이국적인'),(98,6.11,'전통적인'),(98,1.56,'조용한'),(98,0.3,'초록대자연'),(98,3.93,'친구와'),(98,0.09,'푸른바다'),(98,0.56,'활기찬'),(98,19.1,'힙한'),(99,1.34,'가족과'),(99,15.48,'나홀로'),(99,0,'눈부신설원'),(99,4.78,'도시의밤'),(99,35.43,'럭셔리한'),(99,1.42,'로컬감성'),(99,27.78,'미식탐방'),(99,0.64,'배움이있는'),(99,2.07,'사진에진심'),(99,4.31,'쇼핑중독'),(99,1.67,'액티비티'),(99,14.83,'여유로운'),(99,2.07,'역사속으로'),(99,27.11,'연인과'),(99,0,'예술과전시'),(99,1.82,'이국적인'),(99,2.23,'전통적인'),(99,1.02,'조용한'),(99,0.32,'초록대자연'),(99,4.81,'친구와'),(99,4.94,'푸른바다'),(99,1.28,'활기찬'),(99,14.05,'힙한'),(100,2.62,'가족과'),(100,10.55,'나홀로'),(100,0.14,'눈부신설원'),(100,7.28,'도시의밤'),(100,13.48,'럭셔리한'),(100,1.46,'로컬감성'),(100,21.79,'미식탐방'),(100,4.31,'배움이있는'),(100,8.5,'사진에진심'),(100,16.25,'쇼핑중독'),(100,3.51,'액티비티'),(100,9.56,'여유로운'),(100,9.31,'역사속으로'),(100,11.69,'연인과'),(100,2.03,'예술과전시'),(100,7.34,'이국적인'),(100,9.04,'전통적인'),(100,1.68,'조용한'),(100,0.67,'초록대자연'),(100,7.45,'친구와'),(100,0.43,'푸른바다'),(100,2.01,'활기찬'),(100,14.09,'힙한'),(102,10.81,'가족과'),(102,14.51,'나홀로'),(102,0.03,'눈부신설원'),(102,3.29,'도시의밤'),(102,5.3,'럭셔리한'),(102,4.92,'로컬감성'),(102,26.8,'미식탐방'),(102,2.07,'배움이있는'),(102,2.14,'사진에진심'),(102,10.46,'쇼핑중독'),(102,8.39,'액티비티'),(102,19.3,'여유로운'),(102,2.38,'역사속으로'),(102,5.32,'연인과'),(102,2.49,'예술과전시'),(102,2.46,'이국적인'),(102,2.89,'전통적인'),(102,12.16,'조용한'),(102,6.86,'초록대자연'),(102,3.37,'친구와'),(102,1.31,'푸른바다'),(102,0.37,'활기찬'),(102,8.29,'힙한'),(103,6.94,'가족과'),(103,9.06,'나홀로'),(103,0.82,'눈부신설원'),(103,7.2,'도시의밤'),(103,23.76,'럭셔리한'),(103,1.24,'로컬감성'),(103,19.75,'미식탐방'),(103,1.02,'배움이있는'),(103,4.07,'사진에진심'),(103,10.24,'쇼핑중독'),(103,4.73,'액티비티'),(103,12.73,'여유로운'),(103,4.5,'역사속으로'),(103,20.51,'연인과'),(103,3.93,'예술과전시'),(103,3.46,'이국적인'),(103,4.28,'전통적인'),(103,5.49,'조용한'),(103,4.06,'초록대자연'),(103,7.45,'친구와'),(103,1.39,'푸른바다'),(103,1.24,'활기찬'),(103,8.43,'힙한'),(104,10.65,'가족과'),(104,15.55,'나홀로'),(104,0.08,'눈부신설원'),(104,4.56,'도시의밤'),(104,7.04,'럭셔리한'),(104,3.84,'로컬감성'),(104,24.04,'미식탐방'),(104,1.97,'배움이있는'),(104,1.25,'사진에진심'),(104,11.44,'쇼핑중독'),(104,9.8,'액티비티'),(104,19.92,'여유로운'),(104,1.64,'역사속으로'),(104,7.57,'연인과'),(104,2.72,'예술과전시'),(104,1.31,'이국적인'),(104,1.56,'전통적인'),(104,12.26,'조용한'),(104,7.38,'초록대자연'),(104,4.68,'친구와'),(104,0.59,'푸른바다'),(104,0.23,'활기찬'),(104,9.1,'힙한'),(105,5.72,'가족과'),(105,5.68,'나홀로'),(105,0,'눈부신설원'),(105,1.37,'도시의밤'),(105,12.66,'럭셔리한'),(105,4.19,'로컬감성'),(105,16.26,'미식탐방'),(105,2.46,'배움이있는'),(105,6.88,'사진에진심'),(105,31.25,'쇼핑중독'),(105,4.89,'액티비티'),(105,8.08,'여유로운'),(105,6.95,'역사속으로'),(105,9.2,'연인과'),(105,0.71,'예술과전시'),(105,6.55,'이국적인'),(105,7.92,'전통적인'),(105,3.89,'조용한'),(105,3.47,'초록대자연'),(105,1.38,'친구와'),(105,0.18,'푸른바다'),(105,0.33,'활기찬'),(105,3.91,'힙한'),(106,2.99,'가족과'),(106,3.69,'나홀로'),(106,0,'눈부신설원'),(106,1.65,'도시의밤'),(106,9.34,'럭셔리한'),(106,4.3,'로컬감성'),(106,16.19,'미식탐방'),(106,2.09,'배움이있는'),(106,13.44,'사진에진심'),(106,35.75,'쇼핑중독'),(106,2.89,'액티비티'),(106,5.32,'여유로운'),(106,13.48,'역사속으로'),(106,5.77,'연인과'),(106,0.55,'예술과전시'),(106,12.06,'이국적인'),(106,14.75,'전통적인'),(106,2.67,'조용한'),(106,1.85,'초록대자연'),(106,1.67,'친구와'),(106,0.31,'푸른바다'),(106,0.38,'활기찬'),(106,3.45,'힙한'),(107,2.62,'가족과'),(107,3.85,'나홀로'),(107,0,'눈부신설원'),(107,1.03,'도시의밤'),(107,18.03,'럭셔리한'),(107,2.14,'로컬감성'),(107,12.63,'미식탐방'),(107,4.62,'배움이있는'),(107,2.97,'사진에진심'),(107,43.77,'쇼핑중독'),(107,1.56,'액티비티'),(107,4.51,'여유로운'),(107,3.03,'역사속으로'),(107,14.03,'연인과'),(107,0.22,'예술과전시'),(107,3.24,'이국적인'),(107,3.84,'전통적인'),(107,2.74,'조용한'),(107,2.09,'초록대자연'),(107,1.03,'친구와'),(107,0.29,'푸른바다'),(107,0.31,'활기찬'),(107,2.31,'힙한'),(108,3.05,'가족과'),(108,5.74,'나홀로'),(108,0,'눈부신설원'),(108,0.96,'도시의밤'),(108,16.53,'럭셔리한'),(108,2.98,'로컬감성'),(108,12.56,'미식탐방'),(108,2.9,'배움이있는'),(108,3.37,'사진에진심'),(108,43.87,'쇼핑중독'),(108,2.54,'액티비티'),(108,6.5,'여유로운'),(108,3.53,'역사속으로'),(108,10.81,'연인과'),(108,0.76,'예술과전시'),(108,3.27,'이국적인'),(108,3.94,'전통적인'),(108,2.69,'조용한'),(108,2.25,'초록대자연'),(108,0.97,'친구와'),(108,0.49,'푸른바다'),(108,0.28,'활기찬'),(108,2.9,'힙한'),(109,1.53,'가족과'),(109,5.5,'나홀로'),(109,0,'눈부신설원'),(109,5.51,'도시의밤'),(109,23.5,'럭셔리한'),(109,4.42,'로컬감성'),(109,30.56,'미식탐방'),(109,2.29,'배움이있는'),(109,6.72,'사진에진심'),(109,9.67,'쇼핑중독'),(109,1.9,'액티비티'),(109,5.75,'여유로운'),(109,7.3,'역사속으로'),(109,14.05,'연인과'),(109,0.94,'예술과전시'),(109,6.16,'이국적인'),(109,7.51,'전통적인'),(109,4.09,'조용한'),(109,1.14,'초록대자연'),(109,5.59,'친구와'),(109,7.74,'푸른바다'),(109,0.57,'활기찬'),(109,5.57,'힙한'),(110,5.99,'가족과'),(110,8.41,'나홀로'),(110,0.02,'눈부신설원'),(110,15.21,'도시의밤'),(110,7.86,'럭셔리한'),(110,7.17,'로컬감성'),(110,25.72,'미식탐방'),(110,1.96,'배움이있는'),(110,1.75,'사진에진심'),(110,9.68,'쇼핑중독'),(110,5.8,'액티비티'),(110,10.98,'여유로운'),(110,2.33,'역사속으로'),(110,6.9,'연인과'),(110,2.68,'예술과전시'),(110,1.51,'이국적인'),(110,1.86,'전통적인'),(110,3.88,'조용한'),(110,2.47,'초록대자연'),(110,15.29,'친구와'),(110,0.61,'푸른바다'),(110,1.47,'활기찬'),(110,17.15,'힙한'),(111,5.7,'가족과'),(111,9.21,'나홀로'),(111,0.04,'눈부신설원'),(111,15.4,'도시의밤'),(111,6.93,'럭셔리한'),(111,5.87,'로컬감성'),(111,25.01,'미식탐방'),(111,2.21,'배움이있는'),(111,0.74,'사진에진심'),(111,10.32,'쇼핑중독'),(111,6.48,'액티비티'),(111,10.75,'여유로운'),(111,1.07,'역사속으로'),(111,6.56,'연인과'),(111,2.58,'예술과전시'),(111,0.68,'이국적인'),(111,0.83,'전통적인'),(111,3.44,'조용한'),(111,1.69,'초록대자연'),(111,15.57,'친구와'),(111,0.31,'푸른바다'),(111,2.57,'활기찬'),(111,16.82,'힙한'),(112,5.18,'가족과'),(112,9.69,'나홀로'),(112,0,'눈부신설원'),(112,19.44,'도시의밤'),(112,8.13,'럭셔리한'),(112,5.91,'로컬감성'),(112,19.44,'미식탐방'),(112,1.71,'배움이있는'),(112,1.83,'사진에진심'),(112,12.84,'쇼핑중독'),(112,5.58,'액티비티'),(112,10.34,'여유로운'),(112,2.28,'역사속으로'),(112,7.8,'연인과'),(112,1.86,'예술과전시'),(112,1.53,'이국적인'),(112,1.89,'전통적인'),(112,3.39,'조용한'),(112,1.52,'초록대자연'),(112,19.58,'친구와'),(112,0.2,'푸른바다'),(112,1.62,'활기찬'),(112,19.53,'힙한'),(113,5.3,'가족과'),(113,11.94,'나홀로'),(113,0.16,'눈부신설원'),(113,12.46,'도시의밤'),(113,11.97,'럭셔리한'),(113,6.33,'로컬감성'),(113,24.89,'미식탐방'),(113,2.07,'배움이있는'),(113,2.9,'사진에진심'),(113,9.55,'쇼핑중독'),(113,4.43,'액티비티'),(113,10.79,'여유로운'),(113,3.64,'역사속으로'),(113,11.16,'연인과'),(113,2.13,'예술과전시'),(113,2.41,'이국적인'),(113,2.99,'전통적인'),(113,2.81,'조용한'),(113,1.12,'초록대자연'),(113,12.78,'친구와'),(113,0.33,'푸른바다'),(113,1.33,'활기찬'),(113,11.75,'힙한'),(114,7.8,'가족과'),(114,3.13,'나홀로'),(114,0.01,'눈부신설원'),(114,10.65,'도시의밤'),(114,4.95,'럭셔리한'),(114,4.17,'로컬감성'),(114,20.53,'미식탐방'),(114,2.42,'배움이있는'),(114,7.49,'사진에진심'),(114,13.84,'쇼핑중독'),(114,4.53,'액티비티'),(114,4.47,'여유로운'),(114,7.75,'역사속으로'),(114,4.53,'연인과'),(114,1.04,'예술과전시'),(114,6.02,'이국적인'),(114,7.52,'전통적인'),(114,11.45,'조용한'),(114,0.95,'초록대자연'),(114,10.7,'친구와'),(114,0.61,'푸른바다'),(114,1.25,'활기찬'),(114,13,'힙한'),(115,9.35,'가족과'),(115,3.01,'나홀로'),(115,0,'눈부신설원'),(115,7.35,'도시의밤'),(115,3.57,'럭셔리한'),(115,4.52,'로컬감성'),(115,20.33,'미식탐방'),(115,1.99,'배움이있는'),(115,10.04,'사진에진심'),(115,18.57,'쇼핑중독'),(115,3.54,'액티비티'),(115,4.72,'여유로운'),(115,10.2,'역사속으로'),(115,4.34,'연인과'),(115,0.99,'예술과전시'),(115,8.07,'이국적인'),(115,10.08,'전통적인'),(115,8.25,'조용한'),(115,1.06,'초록대자연'),(115,7.39,'친구와'),(115,0.04,'푸른바다'),(115,1.01,'활기찬'),(115,10.32,'힙한'),(116,7.36,'가족과'),(116,3.36,'나홀로'),(116,0,'눈부신설원'),(116,4.79,'도시의밤'),(116,14.22,'럭셔리한'),(116,2.92,'로컬감성'),(116,17.9,'미식탐방'),(116,1.97,'배움이있는'),(116,4.92,'사진에진심'),(116,23.71,'쇼핑중독'),(116,3.96,'액티비티'),(116,4.34,'여유로운'),(116,5.05,'역사속으로'),(116,14.52,'연인과'),(116,0.4,'예술과전시'),(116,4,'이국적인'),(116,4.98,'전통적인'),(116,5.8,'조용한'),(116,0.97,'초록대자연'),(116,4.82,'친구와'),(116,0.1,'푸른바다'),(116,0.88,'활기찬'),(116,6.57,'힙한'),(117,6.62,'가족과'),(117,4.79,'나홀로'),(117,0.03,'눈부신설원'),(117,5.58,'도시의밤'),(117,17.03,'럭셔리한'),(117,2.71,'로컬감성'),(117,25.77,'미식탐방'),(117,1.52,'배움이있는'),(117,4.56,'사진에진심'),(117,8.78,'쇼핑중독'),(117,4.23,'액티비티'),(117,8.74,'여유로운'),(117,4.68,'역사속으로'),(117,13.95,'연인과'),(117,0.61,'예술과전시'),(117,3.64,'이국적인'),(117,4.56,'전통적인'),(117,7.64,'조용한'),(117,1.76,'초록대자연'),(117,5.6,'친구와'),(117,3.48,'푸른바다'),(117,1.26,'활기찬'),(117,8.24,'힙한'),(118,7.6,'가족과'),(118,7.52,'나홀로'),(118,0.01,'눈부신설원'),(118,6.75,'도시의밤'),(118,4.33,'럭셔리한'),(118,5.9,'로컬감성'),(118,27.61,'미식탐방'),(118,2.29,'배움이있는'),(118,2.61,'사진에진심'),(118,12.89,'쇼핑중독'),(118,6.17,'액티비티'),(118,9.82,'여유로운'),(118,2.86,'역사속으로'),(118,6.97,'연인과'),(118,1.23,'예술과전시'),(118,2.11,'이국적인'),(118,2.63,'전통적인'),(118,4.62,'조용한'),(118,0.82,'초록대자연'),(118,6.77,'친구와'),(118,0.06,'푸른바다'),(118,1.01,'활기찬'),(118,10.89,'힙한'),(119,5.47,'가족과'),(119,4.25,'나홀로'),(119,0,'눈부신설원'),(119,6.98,'도시의밤'),(119,21.76,'럭셔리한'),(119,2.18,'로컬감성'),(119,27.55,'미식탐방'),(119,0.76,'배움이있는'),(119,6.28,'사진에진심'),(119,6.34,'쇼핑중독'),(119,2.86,'액티비티'),(119,8.18,'여유로운'),(119,6.36,'역사속으로'),(119,17.21,'연인과'),(119,0.86,'예술과전시'),(119,5.03,'이국적인'),(119,6.28,'전통적인'),(119,4.15,'조용한'),(119,1.27,'초록대자연'),(119,7,'친구와'),(119,4.19,'푸른바다'),(119,1.47,'활기찬'),(119,9.34,'힙한'),(120,6.46,'가족과'),(120,8.54,'나홀로'),(120,0.15,'눈부신설원'),(120,6.11,'도시의밤'),(120,8.48,'럭셔리한'),(120,4.82,'로컬감성'),(120,22.32,'미식탐방'),(120,2.5,'배움이있는'),(120,2.39,'사진에진심'),(120,13.92,'쇼핑중독'),(120,6.98,'액티비티'),(120,11.69,'여유로운'),(120,3.37,'역사속으로'),(120,10.23,'연인과'),(120,3.98,'예술과전시'),(120,2,'이국적인'),(120,2.48,'전통적인'),(120,5.19,'조용한'),(120,2.77,'초록대자연'),(120,6.29,'친구와'),(120,0.18,'푸른바다'),(120,1.01,'활기찬'),(120,9.51,'힙한'),(122,12.57,'가족과'),(122,10.73,'나홀로'),(122,0.42,'눈부신설원'),(122,6.95,'도시의밤'),(122,4.8,'럭셔리한'),(122,2.18,'로컬감성'),(122,25.5,'미식탐방'),(122,2.8,'배움이있는'),(122,1.91,'사진에진심'),(122,8.56,'쇼핑중독'),(122,8.52,'액티비티'),(122,16.41,'여유로운'),(122,2.75,'역사속으로'),(122,4.92,'연인과'),(122,4,'예술과전시'),(122,1.74,'이국적인'),(122,2.13,'전통적인'),(122,9.27,'조용한'),(122,6.28,'초록대자연'),(122,7.18,'친구와'),(122,1.09,'푸른바다'),(122,1.28,'활기찬'),(122,8.31,'힙한'),(124,5.05,'가족과'),(124,15.73,'나홀로'),(124,0.01,'눈부신설원'),(124,2.14,'도시의밤'),(124,12.31,'럭셔리한'),(124,6.09,'로컬감성'),(124,22.4,'미식탐방'),(124,1.05,'배움이있는'),(124,3.94,'사진에진심'),(124,14.38,'쇼핑중독'),(124,3.93,'액티비티'),(124,20.15,'여유로운'),(124,4.2,'역사속으로'),(124,9.21,'연인과'),(124,2.16,'예술과전시'),(124,7.16,'이국적인'),(124,7.95,'전통적인'),(124,2.6,'조용한'),(124,2.68,'초록대자연'),(124,2.21,'친구와'),(124,0.2,'푸른바다'),(124,0.68,'활기찬'),(124,10.1,'힙한'),(126,4.95,'가족과'),(126,8.62,'나홀로'),(126,0.01,'눈부신설원'),(126,3.76,'도시의밤'),(126,15.97,'럭셔리한'),(126,2.78,'로컬감성'),(126,14.64,'미식탐방'),(126,2.78,'배움이있는'),(126,5.48,'사진에진심'),(126,16.94,'쇼핑중독'),(126,3.77,'액티비티'),(126,9.3,'여유로운'),(126,5.8,'역사속으로'),(126,13.95,'연인과'),(126,2.26,'예술과전시'),(126,5.37,'이국적인'),(126,6.47,'전통적인'),(126,11.01,'조용한'),(126,1.61,'초록대자연'),(126,3.81,'친구와'),(126,0.88,'푸른바다'),(126,1.28,'활기찬'),(126,9.74,'힙한'),(129,1.25,'가족과'),(129,8.98,'나홀로'),(129,0.02,'눈부신설원'),(129,1.52,'도시의밤'),(129,25.4,'럭셔리한'),(129,2.03,'로컬감성'),(129,25.58,'미식탐방'),(129,1.18,'배움이있는'),(129,4.62,'사진에진심'),(129,15.22,'쇼핑중독'),(129,1.62,'액티비티'),(129,9.81,'여유로운'),(129,5.19,'역사속으로'),(129,22.04,'연인과'),(129,2.22,'예술과전시'),(129,4.37,'이국적인'),(129,5.29,'전통적인'),(129,3.78,'조용한'),(129,0.46,'초록대자연'),(129,1.53,'친구와'),(129,1.35,'푸른바다'),(129,0.34,'활기찬'),(129,7.35,'힙한'),(130,2.24,'가족과'),(130,15.3,'나홀로'),(130,0,'눈부신설원'),(130,0.76,'도시의밤'),(130,4.63,'럭셔리한'),(130,3.59,'로컬감성'),(130,30.78,'미식탐방'),(130,2.36,'배움이있는'),(130,7.54,'사진에진심'),(130,14.48,'쇼핑중독'),(130,1.57,'액티비티'),(130,13.96,'여유로운'),(130,7.69,'역사속으로'),(130,4.17,'연인과'),(130,0.49,'예술과전시'),(130,15.83,'이국적인'),(130,17.34,'전통적인'),(130,6.04,'조용한'),(130,1.21,'초록대자연'),(130,0.76,'친구와'),(130,0.11,'푸른바다'),(130,0.33,'활기찬'),(130,10.05,'힙한'),(133,0.98,'가족과'),(133,17.1,'나홀로'),(133,0,'눈부신설원'),(133,3.29,'도시의밤'),(133,11.5,'럭셔리한'),(133,1.92,'로컬감성'),(133,38.78,'미식탐방'),(133,2.09,'배움이있는'),(133,4.5,'사진에진심'),(133,9.99,'쇼핑중독'),(133,1.5,'액티비티'),(133,15.33,'여유로운'),(133,4.58,'역사속으로'),(133,9.26,'연인과'),(133,0.33,'예술과전시'),(133,10.38,'이국적인'),(133,11.28,'전통적인'),(133,0.74,'조용한'),(133,0.24,'초록대자연'),(133,3.32,'친구와'),(133,0.57,'푸른바다'),(133,0.24,'활기찬'),(133,12.91,'힙한'),(134,1.1,'가족과'),(134,8.7,'나홀로'),(134,0,'눈부신설원'),(134,3.27,'도시의밤'),(134,39.48,'럭셔리한'),(134,2.13,'로컬감성'),(134,28.99,'미식탐방'),(134,2.12,'배움이있는'),(134,1.15,'사진에진심'),(134,2.89,'쇼핑중독'),(134,0.85,'액티비티'),(134,9.65,'여유로운'),(134,1.55,'역사속으로'),(134,33.48,'연인과'),(134,1.16,'예술과전시'),(134,7.08,'이국적인'),(134,7.31,'전통적인'),(134,0.79,'조용한'),(134,0.58,'초록대자연'),(134,3.27,'친구와'),(134,0.92,'푸른바다'),(134,0.38,'활기찬'),(134,7.19,'힙한'),(135,4.76,'가족과'),(135,11.05,'나홀로'),(135,0.06,'눈부신설원'),(135,6.5,'도시의밤'),(135,11.26,'럭셔리한'),(135,2.44,'로컬감성'),(135,18.04,'미식탐방'),(135,1.6,'배움이있는'),(135,3,'사진에진심'),(135,9.34,'쇼핑중독'),(135,6.82,'액티비티'),(135,19.27,'여유로운'),(135,4.05,'역사속으로'),(135,11.98,'연인과'),(135,4.87,'예술과전시'),(135,2.42,'이국적인'),(135,3.02,'전통적인'),(135,3.64,'조용한'),(135,1.56,'초록대자연'),(135,6.82,'친구와'),(135,0.15,'푸른바다'),(135,1,'활기찬'),(135,12.11,'힙한'),(136,7.34,'가족과'),(136,14.1,'나홀로'),(136,0.11,'눈부신설원'),(136,5,'도시의밤'),(136,9.39,'럭셔리한'),(136,5.44,'로컬감성'),(136,27.28,'미식탐방'),(136,2.76,'배움이있는'),(136,2.92,'사진에진심'),(136,9.65,'쇼핑중독'),(136,6.53,'액티비티'),(136,15.12,'여유로운'),(136,4.21,'역사속으로'),(136,8.45,'연인과'),(136,5.18,'예술과전시'),(136,2.83,'이국적인'),(136,3.41,'전통적인'),(136,5.05,'조용한'),(136,3.05,'초록대자연'),(136,5.09,'친구와'),(136,0.4,'푸른바다'),(136,1.9,'활기찬'),(136,7.81,'힙한'),(137,5.14,'가족과'),(137,20.83,'나홀로'),(137,0.06,'눈부신설원'),(137,11.94,'도시의밤'),(137,6.63,'럭셔리한'),(137,2.33,'로컬감성'),(137,23.42,'미식탐방'),(137,1.93,'배움이있는'),(137,1.71,'사진에진심'),(137,14.76,'쇼핑중독'),(137,6.62,'액티비티'),(137,19.03,'여유로운'),(137,2.87,'역사속으로'),(137,7.31,'연인과'),(137,3.46,'예술과전시'),(137,1.39,'이국적인'),(137,1.73,'전통적인'),(137,2.89,'조용한'),(137,1.97,'초록대자연'),(137,12.01,'친구와'),(137,0.17,'푸른바다'),(137,1.5,'활기찬'),(137,18.03,'힙한'),(138,4.28,'가족과'),(138,11.74,'나홀로'),(138,0.06,'눈부신설원'),(138,2.59,'도시의밤'),(138,12.99,'럭셔리한'),(138,2.51,'로컬감성'),(138,27.58,'미식탐방'),(138,0.87,'배움이있는'),(138,13.17,'사진에진심'),(138,10.81,'쇼핑중독'),(138,3.93,'액티비티'),(138,15.51,'여유로운'),(138,13.38,'역사속으로'),(138,8.78,'연인과'),(138,1.06,'예술과전시'),(138,11.91,'이국적인'),(138,14.55,'전통적인'),(138,1.25,'조용한'),(138,1.3,'초록대자연'),(138,2.62,'친구와'),(138,0.98,'푸른바다'),(138,1.37,'활기찬'),(138,8.3,'힙한'),(139,4.2,'가족과'),(139,10.52,'나홀로'),(139,0,'눈부신설원'),(139,2.27,'도시의밤'),(139,33.53,'럭셔리한'),(139,1.56,'로컬감성'),(139,22.82,'미식탐방'),(139,2.35,'배움이있는'),(139,3.11,'사진에진심'),(139,6.77,'쇼핑중독'),(139,2.93,'액티비티'),(139,13.82,'여유로운'),(139,3.37,'역사속으로'),(139,26.28,'연인과'),(139,0.53,'예술과전시'),(139,5.35,'이국적인'),(139,5.97,'전통적인'),(139,2.08,'조용한'),(139,2.6,'초록대자연'),(139,2.3,'친구와'),(139,5.03,'푸른바다'),(139,0.27,'활기찬'),(139,6.11,'힙한'),(140,3.94,'가족과'),(140,12.04,'나홀로'),(140,0,'눈부신설원'),(140,5.38,'도시의밤'),(140,9.04,'럭셔리한'),(140,4.66,'로컬감성'),(140,28.54,'미식탐방'),(140,1.33,'배움이있는'),(140,1.37,'사진에진심'),(140,9.44,'쇼핑중독'),(140,4.46,'액티비티'),(140,20.96,'여유로운'),(140,1.99,'역사속으로'),(140,8.27,'연인과'),(140,2.6,'예술과전시'),(140,1.14,'이국적인'),(140,1.41,'전통적인'),(140,3.22,'조용한'),(140,0.85,'초록대자연'),(140,5.48,'친구와'),(140,0.6,'푸른바다'),(140,1.12,'활기찬'),(140,12.52,'힙한'),(142,4.84,'가족과'),(142,13.39,'나홀로'),(142,0.03,'눈부신설원'),(142,2.27,'도시의밤'),(142,11.84,'럭셔리한'),(142,1.82,'로컬감성'),(142,29.61,'미식탐방'),(142,1.17,'배움이있는'),(142,12.72,'사진에진심'),(142,11.43,'쇼핑중독'),(142,4.3,'액티비티'),(142,13.99,'여유로운'),(142,12.98,'역사속으로'),(142,7.94,'연인과'),(142,0.81,'예술과전시'),(142,11.34,'이국적인'),(142,13.88,'전통적인'),(142,1.87,'조용한'),(142,1.38,'초록대자연'),(142,2.29,'친구와'),(142,0.96,'푸른바다'),(142,1.21,'활기찬'),(142,9.79,'힙한'),(143,5.61,'가족과'),(143,8.25,'나홀로'),(143,0.12,'눈부신설원'),(143,4.06,'도시의밤'),(143,7.72,'럭셔리한'),(143,6.27,'로컬감성'),(143,19.07,'미식탐방'),(143,2.65,'배움이있는'),(143,2.83,'사진에진심'),(143,12,'쇼핑중독'),(143,5.87,'액티비티'),(143,20.39,'여유로운'),(143,3.54,'역사속으로'),(143,8.31,'연인과'),(143,3.74,'예술과전시'),(143,2.3,'이국적인'),(143,2.87,'전통적인'),(143,2.83,'조용한'),(143,1.15,'초록대자연'),(143,4.19,'친구와'),(143,0.17,'푸른바다'),(143,1.19,'활기찬'),(143,9.03,'힙한'),(144,3,'가족과'),(144,20.95,'나홀로'),(144,0.02,'눈부신설원'),(144,6.13,'도시의밤'),(144,9.02,'럭셔리한'),(144,5.72,'로컬감성'),(144,26.67,'미식탐방'),(144,1.05,'배움이있는'),(144,0.71,'사진에진심'),(144,16.7,'쇼핑중독'),(144,4.85,'액티비티'),(144,17.11,'여유로운'),(144,1.19,'역사속으로'),(144,7.35,'연인과'),(144,3.29,'예술과전시'),(144,0.59,'이국적인'),(144,0.73,'전통적인'),(144,2.34,'조용한'),(144,0.79,'초록대자연'),(144,6.15,'친구와'),(144,0.28,'푸른바다'),(144,1.48,'활기찬'),(144,16.27,'힙한'),(145,11.42,'가족과'),(145,10,'나홀로'),(145,0.28,'눈부신설원'),(145,3.95,'도시의밤'),(145,6.38,'럭셔리한'),(145,3.75,'로컬감성'),(145,23.03,'미식탐방'),(145,2.42,'배움이있는'),(145,2.37,'사진에진심'),(145,9.92,'쇼핑중독'),(145,10.3,'액티비티'),(145,14.57,'여유로운'),(145,3.29,'역사속으로'),(145,5.8,'연인과'),(145,4.42,'예술과전시'),(145,2.15,'이국적인'),(145,2.62,'전통적인'),(145,7.67,'조용한'),(145,4.56,'초록대자연'),(145,4.06,'친구와'),(145,1.15,'푸른바다'),(145,1.19,'활기찬'),(145,6.56,'힙한'),(146,8.55,'가족과'),(146,10.05,'나홀로'),(146,0.68,'눈부신설원'),(146,5.93,'도시의밤'),(146,5.7,'럭셔리한'),(146,4.4,'로컬감성'),(146,17.68,'미식탐방'),(146,2.47,'배움이있는'),(146,4.76,'사진에진심'),(146,14.41,'쇼핑중독'),(146,9.24,'액티비티'),(146,11.96,'여유로운'),(146,5.56,'역사속으로'),(146,4.91,'연인과'),(146,4.71,'예술과전시'),(146,4.41,'이국적인'),(146,5.36,'전통적인'),(146,7.43,'조용한'),(146,3.53,'초록대자연'),(146,6.09,'친구와'),(146,1.78,'푸른바다'),(146,1.42,'활기찬'),(146,7.93,'힙한'),(147,5.89,'가족과'),(147,6.5,'나홀로'),(147,0.01,'눈부신설원'),(147,3.39,'도시의밤'),(147,5.83,'럭셔리한'),(147,3.16,'로컬감성'),(147,36.86,'미식탐방'),(147,1.6,'배움이있는'),(147,3.76,'사진에진심'),(147,14.47,'쇼핑중독'),(147,3.31,'액티비티'),(147,7.84,'여유로운'),(147,3.95,'역사속으로'),(147,6.96,'연인과'),(147,0.79,'예술과전시'),(147,3.01,'이국적인'),(147,3.76,'전통적인'),(147,5.49,'조용한'),(147,1.9,'초록대자연'),(147,3.41,'친구와'),(147,0.19,'푸른바다'),(147,1.19,'활기찬'),(147,6.5,'힙한'),(148,2.93,'가족과'),(148,16.61,'나홀로'),(148,0.01,'눈부신설원'),(148,0.62,'도시의밤'),(148,7.45,'럭셔리한'),(148,2.31,'로컬감성'),(148,25.91,'미식탐방'),(148,1.96,'배움이있는'),(148,3.16,'사진에진심'),(148,25.1,'쇼핑중독'),(148,4.77,'액티비티'),(148,13.24,'여유로운'),(148,3.34,'역사속으로'),(148,5.66,'연인과'),(148,1.38,'예술과전시'),(148,6.59,'이국적인'),(148,7.22,'전통적인'),(148,2.25,'조용한'),(148,0.48,'초록대자연'),(148,0.63,'친구와'),(148,0.06,'푸른바다'),(148,0.4,'활기찬'),(148,9.62,'힙한'),(150,6.43,'가족과'),(150,5.88,'나홀로'),(150,0.31,'눈부신설원'),(150,3.94,'도시의밤'),(150,14.07,'럭셔리한'),(150,3.5,'로컬감성'),(150,17.74,'미식탐방'),(150,1.86,'배움이있는'),(150,2.7,'사진에진심'),(150,19.7,'쇼핑중독'),(150,5.26,'액티비티'),(150,7.97,'여유로운'),(150,3.56,'역사속으로'),(150,14.52,'연인과'),(150,5.29,'예술과전시'),(150,2.32,'이국적인'),(150,2.86,'전통적인'),(150,5.47,'조용한'),(150,2.01,'초록대자연'),(150,3.96,'친구와'),(150,0.57,'푸른바다'),(150,0.79,'활기찬'),(150,7.41,'힙한'),(151,8.56,'가족과'),(151,12.11,'나홀로'),(151,0.12,'눈부신설원'),(151,6.14,'도시의밤'),(151,7.17,'럭셔리한'),(151,4.51,'로컬감성'),(151,22.29,'미식탐방'),(151,2.61,'배움이있는'),(151,2.44,'사진에진심'),(151,9.27,'쇼핑중독'),(151,10.18,'액티비티'),(151,12.8,'여유로운'),(151,3.31,'역사속으로'),(151,5.96,'연인과'),(151,5.16,'예술과전시'),(151,2.35,'이국적인'),(151,2.84,'전통적인'),(151,6.5,'조용한'),(151,2.37,'초록대자연'),(151,6.33,'친구와'),(151,0.91,'푸른바다'),(151,1.37,'활기찬'),(151,8.55,'힙한'),(152,5.82,'가족과'),(152,13.05,'나홀로'),(152,0.03,'눈부신설원'),(152,6.86,'도시의밤'),(152,6.72,'럭셔리한'),(152,6.67,'로컬감성'),(152,28.62,'미식탐방'),(152,2.12,'배움이있는'),(152,1.17,'사진에진심'),(152,9.53,'쇼핑중독'),(152,7.06,'액티비티'),(152,13.73,'여유로운'),(152,2.14,'역사속으로'),(152,7.81,'연인과'),(152,4.75,'예술과전시'),(152,1.41,'이국적인'),(152,1.64,'전통적인'),(152,4.39,'조용한'),(152,1.78,'초록대자연'),(152,7.01,'친구와'),(152,0.26,'푸른바다'),(152,1.46,'활기찬'),(152,8.6,'힙한'),(154,4.33,'가족과'),(154,5.64,'나홀로'),(154,0,'눈부신설원'),(154,7.34,'도시의밤'),(154,44.39,'럭셔리한'),(154,1.88,'로컬감성'),(154,27.51,'미식탐방'),(154,0.94,'배움이있는'),(154,0.94,'사진에진심'),(154,3.76,'쇼핑중독'),(154,0,'액티비티'),(154,3.95,'여유로운'),(154,0.94,'역사속으로'),(154,40.89,'연인과'),(154,0,'예술과전시'),(154,0.75,'이국적인'),(154,0.94,'전통적인'),(154,1.6,'조용한'),(154,0.94,'초록대자연'),(154,7.53,'친구와'),(154,0,'푸른바다'),(154,2.82,'활기찬'),(154,6.3,'힙한'),(155,8.95,'가족과'),(155,8.59,'나홀로'),(155,0.01,'눈부신설원'),(155,4.82,'도시의밤'),(155,5.19,'럭셔리한'),(155,6.3,'로컬감성'),(155,17.96,'미식탐방'),(155,1.69,'배움이있는'),(155,1.47,'사진에진심'),(155,24.8,'쇼핑중독'),(155,6.1,'액티비티'),(155,6.76,'여유로운'),(155,1.85,'역사속으로'),(155,5.7,'연인과'),(155,2.07,'예술과전시'),(155,1.21,'이국적인'),(155,1.5,'전통적인'),(155,5.1,'조용한'),(155,1.58,'초록대자연'),(155,4.89,'친구와'),(155,0.08,'푸른바다'),(155,1.44,'활기찬'),(155,8.26,'힙한'),(156,6.25,'가족과'),(156,6.69,'나홀로'),(156,0.03,'눈부신설원'),(156,3.62,'도시의밤'),(156,5.44,'럭셔리한'),(156,4.76,'로컬감성'),(156,27.42,'미식탐방'),(156,2.78,'배움이있는'),(156,8.96,'사진에진심'),(156,15.51,'쇼핑중독'),(156,4.08,'액티비티'),(156,8.43,'여유로운'),(156,9.26,'역사속으로'),(156,5.25,'연인과'),(156,1.2,'예술과전시'),(156,7.18,'이국적인'),(156,8.97,'전통적인'),(156,8.23,'조용한'),(156,2.13,'초록대자연'),(156,3.68,'친구와'),(156,0.11,'푸른바다'),(156,1.15,'활기찬'),(156,7.38,'힙한'),(157,2.23,'가족과'),(157,9.77,'나홀로'),(157,0,'눈부신설원'),(157,3.46,'도시의밤'),(157,24.93,'럭셔리한'),(157,3.23,'로컬감성'),(157,24.9,'미식탐방'),(157,8.16,'배움이있는'),(157,1.42,'사진에진심'),(157,11.13,'쇼핑중독'),(157,2.96,'액티비티'),(157,9.81,'여유로운'),(157,1.81,'역사속으로'),(157,20.51,'연인과'),(157,1.82,'예술과전시'),(157,2.12,'이국적인'),(157,2.4,'전통적인'),(157,1.83,'조용한'),(157,1.26,'초록대자연'),(157,3.51,'친구와'),(157,0.92,'푸른바다'),(157,0.71,'활기찬'),(157,8.16,'힙한'),(158,1.58,'가족과'),(158,1.98,'나홀로'),(158,0,'눈부신설원'),(158,3.96,'도시의밤'),(158,41.75,'럭셔리한'),(158,1.98,'로컬감성'),(158,21.43,'미식탐방'),(158,0,'배움이있는'),(158,1.98,'사진에진심'),(158,11.81,'쇼핑중독'),(158,0,'액티비티'),(158,3.64,'여유로운'),(158,3.96,'역사속으로'),(158,28.79,'연인과'),(158,1.98,'예술과전시'),(158,1.58,'이국적인'),(158,1.98,'전통적인'),(158,1.98,'조용한'),(158,0,'초록대자연'),(158,3.96,'친구와'),(158,11.48,'푸른바다'),(158,0,'활기찬'),(158,5.54,'힙한'),(159,2.17,'가족과'),(159,16.91,'나홀로'),(159,0.18,'눈부신설원'),(159,5.77,'도시의밤'),(159,10.2,'럭셔리한'),(159,1.41,'로컬감성'),(159,26.4,'미식탐방'),(159,2.51,'배움이있는'),(159,3.16,'사진에진심'),(159,17.19,'쇼핑중독'),(159,6.31,'액티비티'),(159,16.2,'여유로운'),(159,3.23,'역사속으로'),(159,10.16,'연인과'),(159,1.82,'예술과전시'),(159,2.66,'이국적인'),(159,3.29,'전통적인'),(159,0.7,'조용한'),(159,0.45,'초록대자연'),(159,5.88,'친구와'),(159,0.21,'푸른바다'),(159,0.77,'활기찬'),(159,13.63,'힙한'),(161,1.9,'가족과'),(161,11.88,'나홀로'),(161,0,'눈부신설원'),(161,1.9,'도시의밤'),(161,37.88,'럭셔리한'),(161,1.87,'로컬감성'),(161,25.92,'미식탐방'),(161,0.93,'배움이있는'),(161,1.81,'사진에진심'),(161,8.85,'쇼핑중독'),(161,1.77,'액티비티'),(161,12.77,'여유로운'),(161,2.03,'역사속으로'),(161,33.46,'연인과'),(161,1.33,'예술과전시'),(161,2.2,'이국적인'),(161,2.56,'전통적인'),(161,0.33,'조용한'),(161,0.22,'초록대자연'),(161,1.91,'친구와'),(161,0.67,'푸른바다'),(161,0.98,'활기찬'),(161,6.02,'힙한');
/*!40000 ALTER TABLE `city_tag_scores` ENABLE KEYS */;
UNLOCK TABLES;

--
-- Table structure for table `climate`
--

DROP TABLE IF EXISTS `climate`;
/*!40101 SET @saved_cs_client     = @@character_set_client */;
/*!50503 SET character_set_client = utf8mb4 */;
CREATE TABLE `climate` (
  `humidity` double DEFAULT NULL,
  `is_deleted` bit(1) DEFAULT NULL,
  `month` int DEFAULT NULL,
  `precipitation` double DEFAULT NULL,
  `snowfall` double DEFAULT NULL,
  `temperature` double DEFAULT NULL,
  `city_id` bigint NOT NULL,
  `created_at` datetime(6) DEFAULT NULL,
  `id` bigint NOT NULL AUTO_INCREMENT,
  `updated_at` datetime(6) DEFAULT NULL,
  PRIMARY KEY (`id`),
  KEY `FK4b16l3lvhq3oiu7otc3yysx1d` (`city_id`),
  CONSTRAINT `FK4b16l3lvhq3oiu7otc3yysx1d` FOREIGN KEY (`city_id`) REFERENCES `city` (`id`)
) ENGINE=InnoDB DEFAULT CHARSET=utf8mb4 COLLATE=utf8mb4_0900_ai_ci;
/*!40101 SET character_set_client = @saved_cs_client */;

--
-- Dumping data for table `climate`
--

LOCK TABLES `climate` WRITE;
/*!40000 ALTER TABLE `climate` DISABLE KEYS */;
/*!40000 ALTER TABLE `climate` ENABLE KEYS */;
UNLOCK TABLES;

--
-- Table structure for table `country`
--

DROP TABLE IF EXISTS `country`;
/*!40101 SET @saved_cs_client     = @@character_set_client */;
/*!50503 SET character_set_client = utf8mb4 */;
CREATE TABLE `country` (
  `is_deleted` bit(1) DEFAULT NULL,
  `lat` double DEFAULT NULL,
  `lon` double DEFAULT NULL,
  `created_at` datetime(6) DEFAULT NULL,
  `id` bigint NOT NULL AUTO_INCREMENT,
  `updated_at` datetime(6) DEFAULT NULL,
  `country_name` varchar(50) DEFAULT NULL,
  `img_url` text,
  `continent` enum('AFRICA','ASIA','EUROPE','NORTH_AMERICA','OCEANIA','SOUTH_AMERICA') DEFAULT NULL,
  `currency` enum('AED','ARS','AUD','BOB','BRL','CAD','CHF','CLP','CNY','CUP','CZK','DKK','EGP','EUR','GBP','HKD','HUF','IDR','INR','ISK','JPY','KES','KHR','KRW','KZT','LAK','MAD','MNT','MOP','MUR','MVR','MXN','MYR','NOK','NPR','NZD','PEN','PHP','PLN','QAR','RUB','SEK','SGD','THB','TRY','TWD','USD','VND','ZAR') NOT NULL,
  PRIMARY KEY (`id`)
) ENGINE=InnoDB DEFAULT CHARSET=utf8mb4 COLLATE=utf8mb4_0900_ai_ci;
/*!40101 SET character_set_client = @saved_cs_client */;

--
-- Dumping data for table `country`
--

LOCK TABLES `country` WRITE;
/*!40000 ALTER TABLE `country` DISABLE KEYS */;
/*!40000 ALTER TABLE `country` ENABLE KEYS */;
UNLOCK TABLES;

--
-- Table structure for table `danger`
--

DROP TABLE IF EXISTS `danger`;
/*!40101 SET @saved_cs_client     = @@character_set_client */;
/*!50503 SET character_set_client = utf8mb4 */;
CREATE TABLE `danger` (
  `is_deleted` bit(1) DEFAULT NULL,
  `country_id` bigint NOT NULL,
  `created_at` datetime(6) DEFAULT NULL,
  `id` bigint NOT NULL,
  `updated_at` datetime(6) DEFAULT NULL,
  `attention` varchar(10) DEFAULT NULL,
  `control` varchar(10) DEFAULT NULL,
  `limita` varchar(10) DEFAULT NULL,
  `country_name` varchar(20) DEFAULT NULL,
  `country_en_name` varchar(100) DEFAULT NULL,
  `attention_note` varchar(255) DEFAULT NULL,
  `attention_partial` varchar(255) DEFAULT NULL,
  `ban_note` varchar(255) DEFAULT NULL,
  `ban_yn_partial` varchar(255) DEFAULT NULL,
  `ban_yna` varchar(255) DEFAULT NULL,
  `control_note` varchar(255) DEFAULT NULL,
  `control_partial` varchar(255) DEFAULT NULL,
  `evacuate_rcmnd_remark` varchar(255) DEFAULT NULL,
  `evacuate_region_ty` varchar(255) DEFAULT NULL,
  `forbidden__region_ty` varchar(255) DEFAULT NULL,
  `forbidden_rcmnd_remark` varchar(255) DEFAULT NULL,
  `limita_note` varchar(255) DEFAULT NULL,
  `limita_partial` varchar(255) DEFAULT NULL,
  PRIMARY KEY (`id`),
  KEY `FKonw5f3hfp05f1t2volqfh83m7` (`country_id`),
  CONSTRAINT `FKonw5f3hfp05f1t2volqfh83m7` FOREIGN KEY (`country_id`) REFERENCES `country` (`id`)
) ENGINE=InnoDB DEFAULT CHARSET=utf8mb4 COLLATE=utf8mb4_0900_ai_ci;
/*!40101 SET character_set_client = @saved_cs_client */;

--
-- Dumping data for table `danger`
--

LOCK TABLES `danger` WRITE;
/*!40000 ALTER TABLE `danger` DISABLE KEYS */;
/*!40000 ALTER TABLE `danger` ENABLE KEYS */;
UNLOCK TABLES;

--
-- Table structure for table `exchange`
--

DROP TABLE IF EXISTS `exchange`;
/*!40101 SET @saved_cs_client     = @@character_set_client */;
/*!50503 SET character_set_client = utf8mb4 */;
CREATE TABLE `exchange` (
  `display_unit` int DEFAULT NULL,
  `event_date` date DEFAULT NULL,
  `is_deleted` bit(1) DEFAULT NULL,
  `krw_per_1cur` double DEFAULT NULL,
  `krw_per_display_unit` double DEFAULT NULL,
  `rate_1krw_to_cur` double DEFAULT NULL,
  `created_at` datetime(6) DEFAULT NULL,
  `id` bigint NOT NULL AUTO_INCREMENT,
  `updated_at` datetime(6) DEFAULT NULL,
  `display_symbol` varchar(15) DEFAULT NULL,
  `currency` enum('AED','ARS','AUD','BOB','BRL','CAD','CHF','CLP','CNY','CUP','CZK','DKK','EGP','EUR','GBP','HKD','HUF','IDR','INR','ISK','JPY','KES','KHR','KRW','KZT','LAK','MAD','MNT','MOP','MUR','MVR','MXN','MYR','NOK','NPR','NZD','PEN','PHP','PLN','QAR','RUB','SEK','SGD','THB','TRY','TWD','USD','VND','ZAR') DEFAULT NULL,
  PRIMARY KEY (`id`)
) ENGINE=InnoDB DEFAULT CHARSET=utf8mb4 COLLATE=utf8mb4_0900_ai_ci;
/*!40101 SET character_set_client = @saved_cs_client */;

--
-- Dumping data for table `exchange`
--

LOCK TABLES `exchange` WRITE;
/*!40000 ALTER TABLE `exchange` DISABLE KEYS */;
/*!40000 ALTER TABLE `exchange` ENABLE KEYS */;
UNLOCK TABLES;

--
-- Table structure for table `flight_summary`
--

DROP TABLE IF EXISTS `flight_summary`;
/*!40101 SET @saved_cs_client     = @@character_set_client */;
/*!50503 SET character_set_client = utf8mb4 */;
CREATE TABLE `flight_summary` (
  `id` bigint NOT NULL AUTO_INCREMENT,
  `created_at` datetime(6) DEFAULT NULL,
  `is_deleted` bit(1) DEFAULT NULL,
  `updated_at` datetime(6) DEFAULT NULL,
  `avg_flight_price` int DEFAULT NULL,
  `avg_hotel_price` int DEFAULT NULL,
  `flight_collected_date` datetime(6) DEFAULT NULL,
  `flight_duration` int DEFAULT NULL,
  `hotel_collected_date` datetime(6) DEFAULT NULL,
  `off_month_list` varchar(255) DEFAULT NULL,
  `origin_airport` varchar(255) DEFAULT NULL,
  `peak_month_list` varchar(255) DEFAULT NULL,
  `stops` int DEFAULT NULL,
  `target_year_month` varchar(255) DEFAULT NULL,
  `city_id` bigint DEFAULT NULL,
  PRIMARY KEY (`id`),
  KEY `FK6wrusyjwbdhhnsp9xkarbma53` (`city_id`),
  CONSTRAINT `FK6wrusyjwbdhhnsp9xkarbma53` FOREIGN KEY (`city_id`) REFERENCES `city` (`id`)
) ENGINE=InnoDB DEFAULT CHARSET=utf8mb4 COLLATE=utf8mb4_0900_ai_ci;
/*!40101 SET character_set_client = @saved_cs_client */;

--
-- Dumping data for table `flight_summary`
--

LOCK TABLES `flight_summary` WRITE;
/*!40000 ALTER TABLE `flight_summary` DISABLE KEYS */;
/*!40000 ALTER TABLE `flight_summary` ENABLE KEYS */;
UNLOCK TABLES;

--
-- Table structure for table `living_cost_of_city`
--

DROP TABLE IF EXISTS `living_cost_of_city`;
/*!40101 SET @saved_cs_client     = @@character_set_client */;
/*!50503 SET character_set_client = utf8mb4 */;
CREATE TABLE `living_cost_of_city` (
  `apple` double DEFAULT NULL,
  `banana` double DEFAULT NULL,
  `beer` double DEFAULT NULL,
  `beer_in_a_pub` double DEFAULT NULL,
  `brand_jeans` double DEFAULT NULL,
  `brand_sneakers` double DEFAULT NULL,
  `bread` double DEFAULT NULL,
  `cappuccino` double DEFAULT NULL,
  `chicken` double DEFAULT NULL,
  `cigarette` double DEFAULT NULL,
  `cinema_ticket` double DEFAULT NULL,
  `coke` double DEFAULT NULL,
  `coke_pepsi` double DEFAULT NULL,
  `cold_medicine` double DEFAULT NULL,
  `daily_budget` double DEFAULT NULL,
  `dinner_in_a_resturant_for_2` double DEFAULT NULL,
  `egg` double DEFAULT NULL,
  `fast_food_meal` double DEFAULT NULL,
  `food` double NOT NULL,
  `gas_petrol` double DEFAULT NULL,
  `gym_month` double DEFAULT NULL,
  `haircut` double DEFAULT NULL,
  `is_deleted` bit(1) DEFAULT NULL,
  `local_transport_ticket` double DEFAULT NULL,
  `lunch_menu` double NOT NULL,
  `milk` double DEFAULT NULL,
  `monthly_salary_after_tax` double DEFAULT NULL,
  `monthly_ticket_local_transport` double DEFAULT NULL,
  `onion` double DEFAULT NULL,
  `orange` double DEFAULT NULL,
  `population` double NOT NULL,
  `potato` double DEFAULT NULL,
  `rice` double DEFAULT NULL,
  `shampoo` double DEFAULT NULL,
  `steak` double DEFAULT NULL,
  `taxi_ride` double DEFAULT NULL,
  `toilet_paper` double DEFAULT NULL,
  `tomato` double DEFAULT NULL,
  `toothpaste` double DEFAULT NULL,
  `transport` double NOT NULL,
  `water` double DEFAULT NULL,
  `wine` double DEFAULT NULL,
  `without_rent` double NOT NULL,
  `city_id` bigint NOT NULL,
  `created_at` datetime(6) DEFAULT NULL,
  `id` bigint NOT NULL AUTO_INCREMENT,
  `updated_at` datetime(6) DEFAULT NULL,
  PRIMARY KEY (`id`),
  KEY `FKis009rqdjmen4mb8bjoqwv6wq` (`city_id`),
  CONSTRAINT `FKis009rqdjmen4mb8bjoqwv6wq` FOREIGN KEY (`city_id`) REFERENCES `city` (`id`)
) ENGINE=InnoDB DEFAULT CHARSET=utf8mb4 COLLATE=utf8mb4_0900_ai_ci;
/*!40101 SET character_set_client = @saved_cs_client */;

--
-- Dumping data for table `living_cost_of_city`
--

LOCK TABLES `living_cost_of_city` WRITE;
/*!40000 ALTER TABLE `living_cost_of_city` DISABLE KEYS */;
/*!40000 ALTER TABLE `living_cost_of_city` ENABLE KEYS */;
UNLOCK TABLES;

--
-- Table structure for table `living_cost_of_country`
--

DROP TABLE IF EXISTS `living_cost_of_country`;
/*!40101 SET @saved_cs_client     = @@character_set_client */;
/*!50503 SET character_set_client = utf8mb4 */;
CREATE TABLE `living_cost_of_country` (
  `apple` double DEFAULT NULL,
  `banana` double DEFAULT NULL,
  `beer` double DEFAULT NULL,
  `beer_in_a_pub` double DEFAULT NULL,
  `brand_jeans` double DEFAULT NULL,
  `brand_sneakers` double DEFAULT NULL,
  `bread` double DEFAULT NULL,
  `cappuccino` double DEFAULT NULL,
  `chicken` double DEFAULT NULL,
  `cigarette` double DEFAULT NULL,
  `cinema_ticket` double DEFAULT NULL,
  `coke` double DEFAULT NULL,
  `coke_pepsi` double DEFAULT NULL,
  `cold_medicine` double DEFAULT NULL,
  `daily_budget` double DEFAULT NULL,
  `dinner_in_a_resturant_for_2` double DEFAULT NULL,
  `egg` double DEFAULT NULL,
  `fast_food_meal` double DEFAULT NULL,
  `food` double DEFAULT NULL,
  `gas_petrol` double DEFAULT NULL,
  `gym_month` double DEFAULT NULL,
  `haircut` double DEFAULT NULL,
  `is_deleted` bit(1) DEFAULT NULL,
  `local_transport_ticket` double DEFAULT NULL,
  `lunch_menu` double DEFAULT NULL,
  `milk` double DEFAULT NULL,
  `monthly_salary_after_tax` double DEFAULT NULL,
  `monthly_ticket_local_transport` double DEFAULT NULL,
  `onion` double DEFAULT NULL,
  `orange` double DEFAULT NULL,
  `population` double DEFAULT NULL,
  `potato` double DEFAULT NULL,
  `rice` double DEFAULT NULL,
  `shampoo` double DEFAULT NULL,
  `steak` double DEFAULT NULL,
  `taxi_ride` double DEFAULT NULL,
  `toilet_paper` double DEFAULT NULL,
  `tomato` double DEFAULT NULL,
  `toothpaste` double DEFAULT NULL,
  `transport` double DEFAULT NULL,
  `water` double DEFAULT NULL,
  `wine` double DEFAULT NULL,
  `without_rent` double DEFAULT NULL,
  `country_id` bigint NOT NULL,
  `created_at` datetime(6) DEFAULT NULL,
  `id` bigint NOT NULL AUTO_INCREMENT,
  `updated_at` datetime(6) DEFAULT NULL,
  PRIMARY KEY (`id`),
  KEY `FK1ijl0vpfaaitwkr3lai02iye3` (`country_id`),
  CONSTRAINT `FK1ijl0vpfaaitwkr3lai02iye3` FOREIGN KEY (`country_id`) REFERENCES `country` (`id`)
) ENGINE=InnoDB DEFAULT CHARSET=utf8mb4 COLLATE=utf8mb4_0900_ai_ci;
/*!40101 SET character_set_client = @saved_cs_client */;

--
-- Dumping data for table `living_cost_of_country`
--

LOCK TABLES `living_cost_of_country` WRITE;
/*!40000 ALTER TABLE `living_cost_of_country` DISABLE KEYS */;
/*!40000 ALTER TABLE `living_cost_of_country` ENABLE KEYS */;
UNLOCK TABLES;

--
-- Table structure for table `member`
--

DROP TABLE IF EXISTS `member`;
/*!40101 SET @saved_cs_client     = @@character_set_client */;
/*!50503 SET character_set_client = utf8mb4 */;
CREATE TABLE `member` (
  `is_deleted` bit(1) DEFAULT NULL,
  `created_at` datetime(6) DEFAULT NULL,
  `deleted_at` datetime(6) DEFAULT NULL,
  `id` bigint NOT NULL AUTO_INCREMENT,
  `updated_at` datetime(6) DEFAULT NULL,
  `role` varchar(20) NOT NULL,
  `nickname` varchar(50) NOT NULL,
  `social_id` varchar(50) NOT NULL,
  `email` varchar(100) NOT NULL,
  `profileImageUrl` text,
  PRIMARY KEY (`id`)
) ENGINE=InnoDB DEFAULT CHARSET=utf8mb4 COLLATE=utf8mb4_0900_ai_ci;
/*!40101 SET character_set_client = @saved_cs_client */;

--
-- Dumping data for table `member`
--

LOCK TABLES `member` WRITE;
/*!40000 ALTER TABLE `member` DISABLE KEYS */;
/*!40000 ALTER TABLE `member` ENABLE KEYS */;
UNLOCK TABLES;

--
-- Table structure for table `member_tag`
--

DROP TABLE IF EXISTS `member_tag`;
/*!40101 SET @saved_cs_client     = @@character_set_client */;
/*!50503 SET character_set_client = utf8mb4 */;
CREATE TABLE `member_tag` (
  `is_deleted` bit(1) DEFAULT NULL,
  `created_at` datetime(6) DEFAULT NULL,
  `id` bigint NOT NULL AUTO_INCREMENT,
  `member_id` bigint NOT NULL,
  `tag_id` bigint NOT NULL,
  `updated_at` datetime(6) DEFAULT NULL,
  PRIMARY KEY (`id`),
  KEY `FKgodbg35wb92j09pt5pi64udco` (`member_id`),
  KEY `FKcg8t5r0fghpy478wylesc2sfj` (`tag_id`),
  CONSTRAINT `FKcg8t5r0fghpy478wylesc2sfj` FOREIGN KEY (`tag_id`) REFERENCES `tag` (`id`),
  CONSTRAINT `FKgodbg35wb92j09pt5pi64udco` FOREIGN KEY (`member_id`) REFERENCES `member` (`id`)
) ENGINE=InnoDB DEFAULT CHARSET=utf8mb4 COLLATE=utf8mb4_0900_ai_ci;
/*!40101 SET character_set_client = @saved_cs_client */;

--
-- Dumping data for table `member_tag`
--

LOCK TABLES `member_tag` WRITE;
/*!40000 ALTER TABLE `member_tag` DISABLE KEYS */;
/*!40000 ALTER TABLE `member_tag` ENABLE KEYS */;
UNLOCK TABLES;

--
-- Table structure for table `spot_tags`
--

DROP TABLE IF EXISTS `spot_tags`;
/*!40101 SET @saved_cs_client     = @@character_set_client */;
/*!50503 SET character_set_client = utf8mb4 */;
CREATE TABLE `spot_tags` (
  `is_deleted` bit(1) DEFAULT NULL,
  `score` double NOT NULL,
  `created_at` datetime(6) DEFAULT NULL,
  `id` bigint NOT NULL AUTO_INCREMENT,
  `tag_id` bigint NOT NULL,
  `tourist_spot_id` bigint NOT NULL,
  `updated_at` datetime(6) DEFAULT NULL,
  PRIMARY KEY (`id`),
  KEY `FKmtduti60ub98oolsjtn1denmw` (`tag_id`),
  KEY `FK7p6ftuklgcvinq5i622e51ml7` (`tourist_spot_id`),
  CONSTRAINT `FK7p6ftuklgcvinq5i622e51ml7` FOREIGN KEY (`tourist_spot_id`) REFERENCES `tourist_spot` (`id`),
  CONSTRAINT `FKmtduti60ub98oolsjtn1denmw` FOREIGN KEY (`tag_id`) REFERENCES `tag` (`id`)
) ENGINE=InnoDB DEFAULT CHARSET=utf8mb4 COLLATE=utf8mb4_0900_ai_ci;
/*!40101 SET character_set_client = @saved_cs_client */;

--
-- Dumping data for table `spot_tags`
--

LOCK TABLES `spot_tags` WRITE;
/*!40000 ALTER TABLE `spot_tags` DISABLE KEYS */;
/*!40000 ALTER TABLE `spot_tags` ENABLE KEYS */;
UNLOCK TABLES;

--
-- Table structure for table `tag`
--

DROP TABLE IF EXISTS `tag`;
/*!40101 SET @saved_cs_client     = @@character_set_client */;
/*!50503 SET character_set_client = utf8mb4 */;
CREATE TABLE `tag` (
  `is_deleted` bit(1) DEFAULT NULL,
  `category_id` bigint NOT NULL,
  `created_at` datetime(6) DEFAULT NULL,
  `id` bigint NOT NULL AUTO_INCREMENT,
  `updated_at` datetime(6) DEFAULT NULL,
  `name` varchar(10) NOT NULL,
  PRIMARY KEY (`id`),
  KEY `FKruoloyh4bf4kdko2ccv18xyyx` (`category_id`),
  CONSTRAINT `FKruoloyh4bf4kdko2ccv18xyyx` FOREIGN KEY (`category_id`) REFERENCES `category` (`id`)
) ENGINE=InnoDB DEFAULT CHARSET=utf8mb4 COLLATE=utf8mb4_0900_ai_ci;
/*!40101 SET character_set_client = @saved_cs_client */;

--
-- Dumping data for table `tag`
--

LOCK TABLES `tag` WRITE;
/*!40000 ALTER TABLE `tag` DISABLE KEYS */;
/*!40000 ALTER TABLE `tag` ENABLE KEYS */;
UNLOCK TABLES;

--
-- Table structure for table `tourist_spot`
--

DROP TABLE IF EXISTS `tourist_spot`;
/*!40101 SET @saved_cs_client     = @@character_set_client */;
/*!50503 SET character_set_client = utf8mb4 */;
CREATE TABLE `tourist_spot` (
  `is_deleted` bit(1) DEFAULT NULL,
  `lat` double DEFAULT NULL,
  `lon` double DEFAULT NULL,
  `city_id` bigint NOT NULL,
  `created_at` datetime(6) DEFAULT NULL,
  `id` bigint NOT NULL AUTO_INCREMENT,
  `updated_at` datetime(6) DEFAULT NULL,
  `tourist_name` varchar(50) NOT NULL,
  `description` text,
  PRIMARY KEY (`id`),
  KEY `FKeej4nk6ufih18jd8mghfn8pte` (`city_id`),
  CONSTRAINT `FKeej4nk6ufih18jd8mghfn8pte` FOREIGN KEY (`city_id`) REFERENCES `city` (`id`)
) ENGINE=InnoDB DEFAULT CHARSET=utf8mb4 COLLATE=utf8mb4_0900_ai_ci;
/*!40101 SET character_set_client = @saved_cs_client */;

--
-- Dumping data for table `tourist_spot`
--

LOCK TABLES `tourist_spot` WRITE;
/*!40000 ALTER TABLE `tourist_spot` DISABLE KEYS */;
/*!40000 ALTER TABLE `tourist_spot` ENABLE KEYS */;
UNLOCK TABLES;

--
-- Table structure for table `user_tags`
--

DROP TABLE IF EXISTS `user_tags`;
/*!40101 SET @saved_cs_client     = @@character_set_client */;
/*!50503 SET character_set_client = utf8mb4 */;
CREATE TABLE `user_tags` (
  `user_id` bigint NOT NULL,
  `tag_name` varchar(255) DEFAULT NULL,
  KEY `FKdylhtw3qjb2nj40xp50b0p495` (`user_id`),
  CONSTRAINT `FKdylhtw3qjb2nj40xp50b0p495` FOREIGN KEY (`user_id`) REFERENCES `users` (`id`)
) ENGINE=InnoDB DEFAULT CHARSET=utf8mb4 COLLATE=utf8mb4_0900_ai_ci;
/*!40101 SET character_set_client = @saved_cs_client */;

--
-- Dumping data for table `user_tags`
--

LOCK TABLES `user_tags` WRITE;
/*!40000 ALTER TABLE `user_tags` DISABLE KEYS */;
INSERT INTO `user_tags` VALUES (6,'#미식탐방'),(6,'#쇼핑중독'),(6,'#도시의밤'),(6,'#럭셔리한');
/*!40000 ALTER TABLE `user_tags` ENABLE KEYS */;
UNLOCK TABLES;

--
-- Table structure for table `users`
--

DROP TABLE IF EXISTS `users`;
/*!40101 SET @saved_cs_client     = @@character_set_client */;
/*!50503 SET character_set_client = utf8mb4 */;
CREATE TABLE `users` (
  `id` bigint NOT NULL AUTO_INCREMENT,
  `email` varchar(255) NOT NULL,
  `is_survey_completed` bit(1) NOT NULL,
  `password` varchar(255) NOT NULL,
  PRIMARY KEY (`id`),
  UNIQUE KEY `UK6dotkott2kjsp8vw4d0m25fb7` (`email`)
) ENGINE=InnoDB AUTO_INCREMENT=7 DEFAULT CHARSET=utf8mb4 COLLATE=utf8mb4_0900_ai_ci;
/*!40101 SET character_set_client = @saved_cs_client */;

--
-- Dumping data for table `users`
--

LOCK TABLES `users` WRITE;
/*!40000 ALTER TABLE `users` DISABLE KEYS */;
INSERT INTO `users` VALUES (6,'test@test.com',_binary '','$2a$10$9zAneAZaSBJQvLdhlh3Z.efICjDjVlxZpmJqNPWPmmDhmciHrTyDS');
/*!40000 ALTER TABLE `users` ENABLE KEYS */;
UNLOCK TABLES;

--
-- Table structure for table `youtube_account`
--

DROP TABLE IF EXISTS `youtube_account`;
/*!40101 SET @saved_cs_client     = @@character_set_client */;
/*!50503 SET character_set_client = utf8mb4 */;
CREATE TABLE `youtube_account` (
  `is_deleted` bit(1) DEFAULT NULL,
  `created_at` datetime(6) DEFAULT NULL,
  `id` bigint NOT NULL AUTO_INCREMENT,
  `last_synced_at` datetime(6) DEFAULT NULL,
  `member_id` bigint NOT NULL,
  `token_expires_at` datetime(6) DEFAULT NULL,
  `updated_at` datetime(6) DEFAULT NULL,
  `google_email` varchar(100) DEFAULT NULL,
  `youtube_channel_id` varchar(100) DEFAULT NULL,
  `access_token` text,
  `refresh_token` text,
  `sync_status` enum('FAILED','PENDING','SYNCED') NOT NULL,
  PRIMARY KEY (`id`),
  UNIQUE KEY `UKhllxgbjwxgs3u9lf1lcg2rjvi` (`member_id`),
  UNIQUE KEY `UK25xup9me24hsm95wqbtcsaggi` (`youtube_channel_id`),
  CONSTRAINT `FKg7vwu4nh97fjdgloycvq67mbh` FOREIGN KEY (`member_id`) REFERENCES `member` (`id`)
) ENGINE=InnoDB DEFAULT CHARSET=utf8mb4 COLLATE=utf8mb4_0900_ai_ci;
/*!40101 SET character_set_client = @saved_cs_client */;

--
-- Dumping data for table `youtube_account`
--

LOCK TABLES `youtube_account` WRITE;
/*!40000 ALTER TABLE `youtube_account` DISABLE KEYS */;
/*!40000 ALTER TABLE `youtube_account` ENABLE KEYS */;
UNLOCK TABLES;

--
-- Table structure for table `youtube_interest`
--

DROP TABLE IF EXISTS `youtube_interest`;
/*!40101 SET @saved_cs_client     = @@character_set_client */;
/*!50503 SET character_set_client = utf8mb4 */;
CREATE TABLE `youtube_interest` (
  `is_deleted` bit(1) DEFAULT NULL,
  `rank_no` int DEFAULT NULL,
  `score` double NOT NULL,
  `account_id` bigint NOT NULL,
  `analyzed_at` datetime(6) NOT NULL,
  `created_at` datetime(6) DEFAULT NULL,
  `id` bigint NOT NULL AUTO_INCREMENT,
  `updated_at` datetime(6) DEFAULT NULL,
  `analysis_version` varchar(50) DEFAULT NULL,
  `category_name` varchar(50) NOT NULL,
  PRIMARY KEY (`id`),
  KEY `FKma7rwsdx2aaavh3yro8xxc1i1` (`account_id`),
  CONSTRAINT `FKma7rwsdx2aaavh3yro8xxc1i1` FOREIGN KEY (`account_id`) REFERENCES `youtube_account` (`id`)
) ENGINE=InnoDB DEFAULT CHARSET=utf8mb4 COLLATE=utf8mb4_0900_ai_ci;
/*!40101 SET character_set_client = @saved_cs_client */;

--
-- Dumping data for table `youtube_interest`
--

LOCK TABLES `youtube_interest` WRITE;
/*!40000 ALTER TABLE `youtube_interest` DISABLE KEYS */;
/*!40000 ALTER TABLE `youtube_interest` ENABLE KEYS */;
UNLOCK TABLES;

--
-- Table structure for table `youtube_interest_keyword`
--

DROP TABLE IF EXISTS `youtube_interest_keyword`;
/*!40101 SET @saved_cs_client     = @@character_set_client */;
/*!50503 SET character_set_client = utf8mb4 */;
CREATE TABLE `youtube_interest_keyword` (
  `is_deleted` bit(1) DEFAULT NULL,
  `score` double NOT NULL,
  `account_id` bigint NOT NULL,
  `analyzed_at` datetime(6) NOT NULL,
  `created_at` datetime(6) DEFAULT NULL,
  `id` bigint NOT NULL AUTO_INCREMENT,
  `updated_at` datetime(6) DEFAULT NULL,
  `keyword` varchar(100) NOT NULL,
  `normalized_keyword` varchar(100) DEFAULT NULL,
  `source_type` enum('LIKED_VIDEO_TAG','LIKED_VIDEO_TITLE','PLAYLIST_TITLE','PLAYLIST_VIDEO_TAG','PLAYLIST_VIDEO_TITLE','SUBSCRIPTION_TITLE') NOT NULL,
  PRIMARY KEY (`id`),
  KEY `FKl5ido3f6fes3vj684up6kcxaf` (`account_id`),
  CONSTRAINT `FKl5ido3f6fes3vj684up6kcxaf` FOREIGN KEY (`account_id`) REFERENCES `youtube_account` (`id`)
) ENGINE=InnoDB DEFAULT CHARSET=utf8mb4 COLLATE=utf8mb4_0900_ai_ci;
/*!40101 SET character_set_client = @saved_cs_client */;

--
-- Dumping data for table `youtube_interest_keyword`
--

LOCK TABLES `youtube_interest_keyword` WRITE;
/*!40000 ALTER TABLE `youtube_interest_keyword` DISABLE KEYS */;
/*!40000 ALTER TABLE `youtube_interest_keyword` ENABLE KEYS */;
UNLOCK TABLES;

--
-- Table structure for table `youtube_liked_video`
--

DROP TABLE IF EXISTS `youtube_liked_video`;
/*!40101 SET @saved_cs_client     = @@character_set_client */;
/*!50503 SET character_set_client = utf8mb4 */;
CREATE TABLE `youtube_liked_video` (
  `is_deleted` bit(1) DEFAULT NULL,
  `account_id` bigint NOT NULL,
  `collected_at` datetime(6) NOT NULL,
  `created_at` datetime(6) DEFAULT NULL,
  `id` bigint NOT NULL AUTO_INCREMENT,
  `liked_at` datetime(6) DEFAULT NULL,
  `updated_at` datetime(6) DEFAULT NULL,
  `video_id` bigint NOT NULL,
  PRIMARY KEY (`id`),
  KEY `FKi8sc7mc5wyctg9n6hte4723fx` (`account_id`),
  KEY `FK4ahb89q64a67rw8v0r08kxddc` (`video_id`),
  CONSTRAINT `FK4ahb89q64a67rw8v0r08kxddc` FOREIGN KEY (`video_id`) REFERENCES `youtube_video` (`id`),
  CONSTRAINT `FKi8sc7mc5wyctg9n6hte4723fx` FOREIGN KEY (`account_id`) REFERENCES `youtube_account` (`id`)
) ENGINE=InnoDB DEFAULT CHARSET=utf8mb4 COLLATE=utf8mb4_0900_ai_ci;
/*!40101 SET character_set_client = @saved_cs_client */;

--
-- Dumping data for table `youtube_liked_video`
--

LOCK TABLES `youtube_liked_video` WRITE;
/*!40000 ALTER TABLE `youtube_liked_video` DISABLE KEYS */;
/*!40000 ALTER TABLE `youtube_liked_video` ENABLE KEYS */;
UNLOCK TABLES;

--
-- Table structure for table `youtube_playlist`
--

DROP TABLE IF EXISTS `youtube_playlist`;
/*!40101 SET @saved_cs_client     = @@character_set_client */;
/*!50503 SET character_set_client = utf8mb4 */;
CREATE TABLE `youtube_playlist` (
  `is_deleted` bit(1) DEFAULT NULL,
  `account_id` bigint NOT NULL,
  `collected_at` datetime(6) NOT NULL,
  `created_at` datetime(6) DEFAULT NULL,
  `id` bigint NOT NULL AUTO_INCREMENT,
  `updated_at` datetime(6) DEFAULT NULL,
  `youtube_playlist_id` varchar(100) NOT NULL,
  `title` varchar(255) DEFAULT NULL,
  `privacy_status` enum('PRIVATE','PUBLIC','UNLISTED') NOT NULL,
  PRIMARY KEY (`id`),
  UNIQUE KEY `UKdisogesdjsu0cgefu0hpodxq3` (`youtube_playlist_id`),
  KEY `FKq6c907af9mntac8ryvmmtdlcw` (`account_id`),
  CONSTRAINT `FKq6c907af9mntac8ryvmmtdlcw` FOREIGN KEY (`account_id`) REFERENCES `youtube_account` (`id`)
) ENGINE=InnoDB DEFAULT CHARSET=utf8mb4 COLLATE=utf8mb4_0900_ai_ci;
/*!40101 SET character_set_client = @saved_cs_client */;

--
-- Dumping data for table `youtube_playlist`
--

LOCK TABLES `youtube_playlist` WRITE;
/*!40000 ALTER TABLE `youtube_playlist` DISABLE KEYS */;
/*!40000 ALTER TABLE `youtube_playlist` ENABLE KEYS */;
UNLOCK TABLES;

--
-- Table structure for table `youtube_playlist_video`
--

DROP TABLE IF EXISTS `youtube_playlist_video`;
/*!40101 SET @saved_cs_client     = @@character_set_client */;
/*!50503 SET character_set_client = utf8mb4 */;
CREATE TABLE `youtube_playlist_video` (
  `is_deleted` bit(1) DEFAULT NULL,
  `position` int DEFAULT NULL,
  `collected_at` datetime(6) NOT NULL,
  `created_at` datetime(6) DEFAULT NULL,
  `id` bigint NOT NULL AUTO_INCREMENT,
  `playlist_id` bigint NOT NULL,
  `updated_at` datetime(6) DEFAULT NULL,
  `video_id` bigint NOT NULL,
  PRIMARY KEY (`id`),
  KEY `FKrn1pfh8daasvb6lc4oib60l7y` (`playlist_id`),
  KEY `FK9l34o9vba7yjnpty0t0ck703g` (`video_id`),
  CONSTRAINT `FK9l34o9vba7yjnpty0t0ck703g` FOREIGN KEY (`video_id`) REFERENCES `youtube_video` (`id`),
  CONSTRAINT `FKrn1pfh8daasvb6lc4oib60l7y` FOREIGN KEY (`playlist_id`) REFERENCES `youtube_playlist` (`id`)
) ENGINE=InnoDB DEFAULT CHARSET=utf8mb4 COLLATE=utf8mb4_0900_ai_ci;
/*!40101 SET character_set_client = @saved_cs_client */;

--
-- Dumping data for table `youtube_playlist_video`
--

LOCK TABLES `youtube_playlist_video` WRITE;
/*!40000 ALTER TABLE `youtube_playlist_video` DISABLE KEYS */;
/*!40000 ALTER TABLE `youtube_playlist_video` ENABLE KEYS */;
UNLOCK TABLES;

--
-- Table structure for table `youtube_subscription`
--

DROP TABLE IF EXISTS `youtube_subscription`;
/*!40101 SET @saved_cs_client     = @@character_set_client */;
/*!50503 SET character_set_client = utf8mb4 */;
CREATE TABLE `youtube_subscription` (
  `is_deleted` bit(1) DEFAULT NULL,
  `account_id` bigint NOT NULL,
  `collected_at` datetime(6) NOT NULL,
  `created_at` datetime(6) DEFAULT NULL,
  `id` bigint NOT NULL AUTO_INCREMENT,
  `subscribed_at` datetime(6) DEFAULT NULL,
  `updated_at` datetime(6) DEFAULT NULL,
  `youtube_channel_id` varchar(100) NOT NULL,
  `description` text,
  `title` varchar(255) DEFAULT NULL,
  PRIMARY KEY (`id`),
  KEY `FKt0vgv4krp4jb43n6ylq2p8k2b` (`account_id`),
  CONSTRAINT `FKt0vgv4krp4jb43n6ylq2p8k2b` FOREIGN KEY (`account_id`) REFERENCES `youtube_account` (`id`)
) ENGINE=InnoDB DEFAULT CHARSET=utf8mb4 COLLATE=utf8mb4_0900_ai_ci;
/*!40101 SET character_set_client = @saved_cs_client */;

--
-- Dumping data for table `youtube_subscription`
--

LOCK TABLES `youtube_subscription` WRITE;
/*!40000 ALTER TABLE `youtube_subscription` DISABLE KEYS */;
/*!40000 ALTER TABLE `youtube_subscription` ENABLE KEYS */;
UNLOCK TABLES;

--
-- Table structure for table `youtube_sync_snapshot`
--

DROP TABLE IF EXISTS `youtube_sync_snapshot`;
/*!40101 SET @saved_cs_client     = @@character_set_client */;
/*!50503 SET character_set_client = utf8mb4 */;
CREATE TABLE `youtube_sync_snapshot` (
  `is_deleted` bit(1) DEFAULT NULL,
  `account_id` bigint NOT NULL,
  `collected_at` datetime(6) NOT NULL,
  `created_at` datetime(6) DEFAULT NULL,
  `id` bigint NOT NULL AUTO_INCREMENT,
  `updated_at` datetime(6) DEFAULT NULL,
  `raw_json` longtext,
  `snapshot_type` enum('FULL_SYNC','LIKED_VIDEOS','PLAYLISTS','PLAYLIST_ITEMS','SUBSCRIPTIONS','VIDEO_DETAILS') NOT NULL,
  PRIMARY KEY (`id`),
  KEY `FKheegm4icu8xwfw1xp6u2n4e2q` (`account_id`),
  CONSTRAINT `FKheegm4icu8xwfw1xp6u2n4e2q` FOREIGN KEY (`account_id`) REFERENCES `youtube_account` (`id`)
) ENGINE=InnoDB DEFAULT CHARSET=utf8mb4 COLLATE=utf8mb4_0900_ai_ci;
/*!40101 SET character_set_client = @saved_cs_client */;

--
-- Dumping data for table `youtube_sync_snapshot`
--

LOCK TABLES `youtube_sync_snapshot` WRITE;
/*!40000 ALTER TABLE `youtube_sync_snapshot` DISABLE KEYS */;
/*!40000 ALTER TABLE `youtube_sync_snapshot` ENABLE KEYS */;
UNLOCK TABLES;

--
-- Table structure for table `youtube_travel_tag`
--

DROP TABLE IF EXISTS `youtube_travel_tag`;
/*!40101 SET @saved_cs_client     = @@character_set_client */;
/*!50503 SET character_set_client = utf8mb4 */;
CREATE TABLE `youtube_travel_tag` (
  `confidence` double NOT NULL,
  `is_deleted` bit(1) DEFAULT NULL,
  `score` double NOT NULL,
  `account_id` bigint NOT NULL,
  `analyzed_at` datetime(6) NOT NULL,
  `created_at` datetime(6) DEFAULT NULL,
  `id` bigint NOT NULL AUTO_INCREMENT,
  `updated_at` datetime(6) DEFAULT NULL,
  `category_name` varchar(50) NOT NULL,
  `tag_name` varchar(50) NOT NULL,
  `reason` varchar(500) DEFAULT NULL,
  PRIMARY KEY (`id`),
  KEY `FKj2r1wxp0axyordteypksigcdy` (`account_id`),
  CONSTRAINT `FKj2r1wxp0axyordteypksigcdy` FOREIGN KEY (`account_id`) REFERENCES `youtube_account` (`id`)
) ENGINE=InnoDB DEFAULT CHARSET=utf8mb4 COLLATE=utf8mb4_0900_ai_ci;
/*!40101 SET character_set_client = @saved_cs_client */;

--
-- Dumping data for table `youtube_travel_tag`
--

LOCK TABLES `youtube_travel_tag` WRITE;
/*!40000 ALTER TABLE `youtube_travel_tag` DISABLE KEYS */;
/*!40000 ALTER TABLE `youtube_travel_tag` ENABLE KEYS */;
UNLOCK TABLES;

--
-- Table structure for table `youtube_video`
--

DROP TABLE IF EXISTS `youtube_video`;
/*!40101 SET @saved_cs_client     = @@character_set_client */;
/*!50503 SET character_set_client = utf8mb4 */;
CREATE TABLE `youtube_video` (
  `is_deleted` bit(1) DEFAULT NULL,
  `created_at` datetime(6) DEFAULT NULL,
  `id` bigint NOT NULL AUTO_INCREMENT,
  `updated_at` datetime(6) DEFAULT NULL,
  `category_id` varchar(20) DEFAULT NULL,
  `youtube_video_id` varchar(50) NOT NULL,
  `channel_title` varchar(100) DEFAULT NULL,
  `title` varchar(255) DEFAULT NULL,
  PRIMARY KEY (`id`),
  UNIQUE KEY `UK40wap4enj5jyfoq8l7mh66nlv` (`youtube_video_id`)
) ENGINE=InnoDB DEFAULT CHARSET=utf8mb4 COLLATE=utf8mb4_0900_ai_ci;
/*!40101 SET character_set_client = @saved_cs_client */;

--
-- Dumping data for table `youtube_video`
--

LOCK TABLES `youtube_video` WRITE;
/*!40000 ALTER TABLE `youtube_video` DISABLE KEYS */;
/*!40000 ALTER TABLE `youtube_video` ENABLE KEYS */;
UNLOCK TABLES;

--
-- Table structure for table `youtube_video_tag`
--

DROP TABLE IF EXISTS `youtube_video_tag`;
/*!40101 SET @saved_cs_client     = @@character_set_client */;
/*!50503 SET character_set_client = utf8mb4 */;
CREATE TABLE `youtube_video_tag` (
  `is_deleted` bit(1) DEFAULT NULL,
  `created_at` datetime(6) DEFAULT NULL,
  `id` bigint NOT NULL AUTO_INCREMENT,
  `updated_at` datetime(6) DEFAULT NULL,
  `video_id` bigint NOT NULL,
  `tag_name` varchar(100) NOT NULL,
  PRIMARY KEY (`id`),
  KEY `FKih01lu8mkutaai52dn24mswm7` (`video_id`),
  CONSTRAINT `FKih01lu8mkutaai52dn24mswm7` FOREIGN KEY (`video_id`) REFERENCES `youtube_video` (`id`)
) ENGINE=InnoDB DEFAULT CHARSET=utf8mb4 COLLATE=utf8mb4_0900_ai_ci;
/*!40101 SET character_set_client = @saved_cs_client */;

--
-- Dumping data for table `youtube_video_tag`
--

LOCK TABLES `youtube_video_tag` WRITE;
/*!40000 ALTER TABLE `youtube_video_tag` DISABLE KEYS */;
/*!40000 ALTER TABLE `youtube_video_tag` ENABLE KEYS */;
UNLOCK TABLES;
/*!40103 SET TIME_ZONE=@OLD_TIME_ZONE */;

/*!40101 SET SQL_MODE=@OLD_SQL_MODE */;
/*!40014 SET FOREIGN_KEY_CHECKS=@OLD_FOREIGN_KEY_CHECKS */;
/*!40014 SET UNIQUE_CHECKS=@OLD_UNIQUE_CHECKS */;
/*!40101 SET CHARACTER_SET_CLIENT=@OLD_CHARACTER_SET_CLIENT */;
/*!40101 SET CHARACTER_SET_RESULTS=@OLD_CHARACTER_SET_RESULTS */;
/*!40101 SET COLLATION_CONNECTION=@OLD_COLLATION_CONNECTION */;
/*!40111 SET SQL_NOTES=@OLD_SQL_NOTES */;

-- Dump completed on 2026-03-11 10:23:43
